taxa_id,Kingdom,Phylum,Class,Clade,Orders,Family,Genus,Species,common_name,RecordsWithDenominators,NeoplasiaWithDenominators,NeoplasiaPrevalence,-,MalignancyKnown,Malignant,MalignancyPrevalence,PropMalignant,Benign,BenignPrevalence,PropBenign,--,RecordsFromAllSources,NeoplasiaFromAllSources,Necropsies,#Sources,---,female_maturity(months),male_maturity(months),Gestation(months),Weaning(months),Infancy(months),litter_size,litters_year,interbirth_interval,birth_weight(g),weaning_weight(g),adult_weight(g),growth_rate(1/days),max_longevity(months),metabolic_rate,SE_simple
2807,Animalia,Chordata,Aves,Sauropsida,Psittaciformes,Psittaculidae,Melopsittacus,Melopsittacus undulatus,Budgerigar,477,99,0.20754717,-,95,83,0.174004193,0.884210526,11,0.023060797,0.115789474,-,478,100,477,13,-,5.917159763,5.917159763,0.591715976,-1,18,-1,-1,-1,1.44,-1,30,0.231,252,-1,0.045786855
3923,Animalia,Chordata,Aves,Sauropsida,Sphenisciformes,Spheniscidae,Spheniscus,Spheniscus humboldti,Humboldt penguin,376,4,0.010638298,-,4,2,0.005319149,0.5,2,0.005319149,0.5,-,376,4,376,10,-,36.02071006,36.02071006,-1,-1,109.575,-1,-1,-1,-1,-1,4379,-1,360,-1,0.051571062
3645,Animalia,Chordata,Mammalia,Mammalia,Rodentia,Muridae,Rattus,Rattus norvegicus,Brown rat,354,122,0.344632768,-,136,33,0.093220339,0.323529412,80,0.225988701,0.676470588,-,377,145,354,27,-,2.958579882,2.301117686,0.690335306,0.821827745,0.821827745,9.9,3.7,-1,5.81,63.8,300,-1,45.6,-1,0.0531494
2726,Animalia,Chordata,Amphibia,Amphibia,Anura,Mantellidae,Mantella,Mantella aurantiaca,Golden mantella,304,2,0.006578947,-,2,0,0,0,2,0.006578947,1,-,304,2,304,9,-,-1,-1,0.460223537,-1,4.311732817,40,-1,-1,-1,-1,-1,-1,130.8,-1,0.057353933
1946,Animalia,Chordata,Aves,Sauropsida,Galliformes,Phasianidae,Gallus,Gallus gallus,Domestic chicken,272,70,0.257352941,-,99,62,0.227941176,0.828282828,7,0.025735294,0.171717172,-,302,100,272,37,-,-1,-1,-1,-1,11.86715454,-1,-1,-1,25,-1,779.8,0.037,360,-1,0.060633906
1649,Animalia,Chordata,Amphibia,Amphibia,Anura,Dendrobatidae,Dendrobates,Dendrobates tinctorius,Dyeing poison dart frog,267,2,0.007490637,-,2,1,0.003745318,0.5,1,0.003745318,0.5,-,267,2,267,33,-,-1,-1,-1,-1,-1,-1,-1,-1,-1,-1,-1,-1,-1,-1,0.061199006
825,Animalia,Chordata,Amphibia,Amphibia,Anura,Bufonidae,Peltophryne,Peltophryne lemur,Puerto rican crested toad,226,19,0.084070796,-,17,8,0.03539823,0.470588235,9,0.039823009,0.529411765,-,226,19,226,16,-,-1,-1,-1,-1,-1,-1,-1,-1,-1,-1,-1,-1,-1,-1,0.066519011
1005,Animalia,Chordata,Mammalia,Mammalia,Chiroptera,Phyllostomidae,Carollia,Carollia perspicillata,Seba short-tailed bat,219,14,0.063926941,-,14,9,0.04109589,0.642857143,5,0.02283105,0.357142857,-,219,14,219,10,-,8.481262327,8.481262327,3.122945431,1.171268902,1.171268902,-1,-1,5.23,4.89,12.5,15,0.0347,204,31.43,0.067573738
19342,Animalia,Tetrapoda,Amphibia,Amphibia,Anura,Alytidae,Alytes,Alytes muletensis,Mallorcan midwife toad,216,0,0,-,0,0,0,NA,0,0,NA,-,216,0,216,1,-,-1,-1,-1,-1,-1,-1,-1,-1,-1,-1,-1,-1,-1,-1,0.068041382
3922,Animalia,Chordata,Aves,Sauropsida,Sphenisciformes,Spheniscidae,Spheniscus,Spheniscus demersus,Black-footed penguin,210,0,0,-,0,0,0,NA,0,0,NA,-,210,0,210,8,-,23.89664694,-1,-1,-1,726.936,-1,1.5,-1,60,-1,3135,-1,327.6,-1,0.069006556
314,Animalia,Chordata,Amphibia,Amphibia,Anura,Bufonidae,Anaxyrus,Anaxyrus baxteri,Wyoming toad,200,5,0.025,-,3,2,0.01,0.666666667,1,0.005,0.333333333,-,200,5,200,4,-,-1,-1,-1,-1,-1,-1,-1,-1,-1,-1,-1,-1,-1,-1,0.070710678
4272,Animalia,Chordata,Aves,Sauropsida,Psittaciformes,Psittaculidae,Trichoglossus,Trichoglossus haematodus,Coconut lorikeet,190,5,0.026315789,-,5,3,0.015789474,0.6,2,0.010526316,0.4,-,190,5,190,19,-,-1,-1,-1,-1,6.368706272,-1,-1,-1,-1,-1,115.1,-1,193.2,-1,0.072547625
2941,Animalia,Chordata,Amphibia,Amphibia,Anura,Bufonidae,Nectophrynoides,Nectophrynoides asperginis,Kihansi spray toad,173,2,0.011560694,-,2,2,0.011560694,1,0,0,0,-,173,2,173,4,-,-1,-1,-1,-1,-1,-1,-1,-1,-1,-1,-1,-1,-1,-1,0.076028592
3076,Animalia,Chordata,Mammalia,Mammalia,Lagomorpha,Leporidae,Oryctolagus,Oryctolagus cuniculus,Domestic rabbit,155,28,0.180645161,-,28,22,0.141935484,0.785714286,6,0.038709677,0.214285714,-,155,28,155,29,-,23.99737015,6.101577909,0.986193294,0.854700855,0.854700855,5.24,4.3,0.95,45,214,1800,0.0228,216,-1,0.080321933
3470,Animalia,Chordata,Mammalia,Mammalia,Hyracoidea,Procaviidae,Procavia,Procavia capensis,Rock hyrax,148,12,0.081081081,-,11,8,0.054054054,0.727272727,3,0.02027027,0.272727273,-,148,12,148,13,-,16.4365549,16.4365549,7.067718606,3.813280736,3.813280736,2.5,-1,12,205,500,3600,0.0112,177.6,780,0.082199494
565,Animalia,Chordata,Mammalia,Mammalia,Eulipotyphla,Erinaceidae,Atelerix,Atelerix albiventris,Four-toed hedgehog,147,66,0.448979592,-,69,52,0.353741497,0.782608696,12,0.081632653,0.217391304,-,152,71,147,36,-,2.761341223,3.828073636,1.150558843,1.446416831,1.446416831,3.98,-1,-1,10,-1,500,0.039,136.8,146.7,0.08247861
2215,Animalia,Chordata,Mammalia,Mammalia,Rodentia,Bathyergidae,Heterocephalus,Heterocephalus glaber,Naked mole rat,145,2,0.013793103,-,7,1,0.006896552,0.714285714,1,0.006896552,0.285714286,-,150,7,145,12,-,7.495069034,-1,2.301117686,1.183431953,1.183431953,11.3,3.5,2.66,1.86,11,35,0.0046,372,25.74,0.08304548
572,Animalia,Chordata,Amphibia,Amphibia,Anura,Bufonidae,Atelopus,Atelopus zeteki,Panamanian golden frog,137,1,0.00729927,-,6,1,0.00729927,0.166666667,0,0,0.833333333,-,142,6,137,22,-,-1,-1,-1,-1,-1,-1,-1,-1,-1,-1,-1,-1,-1,-1,0.085435766
1612,Animalia,Chordata,Mammalia,Mammalia,Rodentia,Sciuridae,Cynomys,Cynomys ludovicianus,Gunnison prairie dog,137,29,0.211678832,-,39,23,0.167883212,0.871794872,5,0.03649635,0.128205128,-,148,40,137,24,-,23.99737015,23.99737015,0.986193294,2.071005917,2.071005917,4.43,-1,12,15.75,148.35,1125,0.0111,132,422.67,0.085435766
4007,Animalia,Chordata,Mammalia,Mammalia,Carnivora,Herpestidae,Suricata,Suricata suricatta,Slender tail meerkat,133,21,0.157894737,-,46,16,0.120300752,0.673913043,5,0.037593985,0.326086957,-,158,46,133,25,-,11.99868508,11.99868508,2.531229454,1.446416831,1.446416831,3.86,-1,12,29,225.5,776,0.0161,247.2,290.12,0.086710997
1652,Animalia,Chordata,Aves,Sauropsida,Anseriformes,Anatidae,Dendrocygna,Dendrocygna autumnalis,Black-bellied whistling duck,130,11,0.084615385,-,10,8,0.061538462,0.8,2,0.015384615,0.2,-,130,11,130,25,-,11.99868508,11.99868508,0.887573964,-1,36.5,14,-1,-1,30.8,-1,828,0.17,98.4,-1,0.087705802
1804,Animalia,Chordata,Aves,Sauropsida,Passeriformes,Estrildidae,Chloebia,Chloebia gouldiae,Gouldian finch,121,5,0.041322314,-,5,5,0.041322314,1,0,0,0,-,121,5,121,10,-,-1,-1,0.427350427,-1,1,5.7,2.5,-1,-1,-1,12,-1,-1,-1,0.090909091
950,Animalia,Chordata,Mammalia,Mammalia,Artiodactyla,Bovidae,Capra,Capra hircus,Domestic goat,117,37,0.316239316,-,46,16,0.136752137,0.47826087,20,0.170940171,0.52173913,-,127,47,117,29,-,13.34648258,22.51808021,5.095332018,5.259697567,5.259697567,1.5,1.1,14.83,2250,-1,61000,0.0041,249.6,-1,0.092450033
2634,Animalia,Chordata,Aves,Sauropsida,Galliformes,Phasianidae,Lophura,Lophura edwardsi,Superb fruit dove,110,0,0,-,0,0,0,NA,0,0,NA,-,110,0,110,3,-,-1,-1,-1,-1,1,5.3,-1,-1,-1,-1,1082.5,-1,-1,-1,0.095346259
1025,Animalia,Chordata,Mammalia,Mammalia,Rodentia,Caviidae,Cavia,Cavia fulgida,Guinea pig,109,17,0.155963303,-,17,12,0.110091743,0.705882353,5,0.04587156,0.294117647,-,109,17,109,17,-,-1,-1,-1,0.686390533,0.686390533,1.34,-1,-1,-1,-1,282.5,-1,-1,-1,0.095782629
120,Animalia,Chordata,Aves,Sauropsida,Psittaciformes,Psittacidae,Agapornis,Agapornis nigrigenis,Black-cheeked lovebird,108,2,0.018518519,-,2,0,0,0,2,0.018518519,1,-,108,2,108,3,-,-1,-1,-1,-1,1,4.9,-1,-1,-1,-1,40.45,-1,-1,-1,0.096225045
3324,Animalia,Chordata,Amphibia,Amphibia,Anura,Pipidae,Pipa,Pipa pipa,Surinam toad,108,4,0.037037037,-,3,1,0.009259259,0.333333333,2,0.018518519,0.666666667,-,108,4,108,21,-,-1,-1,-1,-1,3.045902999,-1,-1,-1,-1,-1,-1,-1,92.4,-1,0.096225045
2888,Animalia,Chordata,Mammalia,Mammalia,Carnivora,Mustelidae,Mustela,Mustela putorius,Ferret,105,66,0.628571429,-,79,43,0.40952381,0.683544304,22,0.20952381,0.316455696,-,119,80,105,29,-,10.25641026,10.58514135,1.380670611,2.071005917,2.071005917,7.5,1.5,4.6,9.5,-1,809,0.0328,133.2,847.8,0.097590007
1827,Animalia,Chordata,Aves,Sauropsida,Pelecaniformes,Threskiornithidae,Eudocimus,Eudocimus ruber,Scarlet ibis,105,3,0.028571429,-,3,0,0,0,3,0.028571429,1,-,105,3,105,17,-,-1,-1,0.756081525,-1,13.13298436,-1,-1,-1,-1,-1,615,-1,398.4,-1,0.097590007
3633,Animalia,Chordata,Aves,Sauropsida,Piciformes,Ramphastidae,Ramphastos,Ramphastos swainsonii,Chestnut-mandibled toucan,102,4,0.039215686,-,4,2,0.019607843,0.5,2,0.019607843,0.5,-,102,4,102,24,-,-1,-1,-1,-1,-1,-1,-1,-1,-1,-1,-1,-1,-1,-1,0.099014754
3280,Animalia,Chordata,Aves,Sauropsida,Phoenicopteriformes,Phoenicopteridae,Phoenicopterus,Phoenicopterus ruber,American flamingo,101,3,0.02970297,-,2,1,0.00990099,0.5,1,0.00990099,0.5,-,101,3,101,17,-,59.99342538,59.99342538,-1,-1,182.5,-1,1.5,-1,85,-1,3065.8,-1,528,-1,0.099503719
2701,Animalia,Chordata,Mammalia,Mammalia,Diprotodontia,Macropodidae,Osphranter,Osphranter rufus,Red kangaroo,96,9,0.09375,-,7,5,0.052083333,0.714285714,2,0.020833333,0.285714286,-,96,9,96,18,-,16.99539776,26.4957265,1.084812623,11.83431953,11.83431953,-1,1.36,7.92,0.784,5000,55000,0.0075,300,5568.64,0.102062073
1196,Animalia,Chordata,Reptilia,Sauropsida,Testudines,Chelidae,Chelodina,Chelodina mccordi,Mccords snake-necked turtle,96,0,0,-,0,0,0,NA,0,0,NA,-,96,0,96,6,-,-1,-1,-1,-1,1,6.5,-1,-1,-1,-1,-1,-1,-1,-1,0.102062073
7,Animalia,Chordata,Mammalia,Mammalia,Didelphimorphia,Didelphidae,Philander,Didelphis marsupialis,Opossum,96,34,0.35416667,,39,27,0.28125,0.79411765,7,0.07291667,0.2058,,101,39,96,26,,5.950032873,7.938856016,0.394477318,3.22156476,3.22156476,11.045,-1,5.29,0.1735,119.25,2265,-0.49355,64.8,665.205,0.156417972
2520,Animalia,Chordata,Mammalia,Mammalia,Primates,Lemuridae,Lemur,Lemur catta,Ring-tailed lemur,95,27,0.284210526,-,32,22,0.231578947,0.6875,5,0.052631579,0.3125,-,100,32,95,27,-,19.55950033,29.98027613,4.437869822,4.996712689,4.996712689,1.1,0.9,12,70.6,-1,2555,-1,447.6,-1,0.102597835
2886,Animalia,Chordata,Mammalia,Mammalia,Carnivora,Mustelidae,Mustela,Mustela nigripes,Black footed ferret,92,11,0.119565217,-,70,7,0.076086957,0.728571429,4,0.043478261,0.271428571,-,151,70,92,10,-,11.99868508,11.99868508,1.413543721,1.96120973,1.96120973,3.36,1.1,12,7.4,-1,1021,-1,112.8,-1,0.104257207
3334,Animalia,Chordata,Aves,Sauropsida,Passeriformes,Pittidae,Pitta,Pitta sordida,Hooded pitta,89,0,0,-,0,0,0,NA,0,0,NA,-,89,0,89,11,-,-1,-1,-1,-1,1,3.85,-1,-1,-1,-1,64,-1,-1,-1,0.105999788
1435,Animalia,Chordata,Amphibia,Amphibia,Anura,Ceratobatrachidae,Cornufer,Cornufer guentheri,Solomon island leaf frog,89,5,0.056179775,-,4,3,0.033707865,0.75,1,0.011235955,0.25,-,89,5,89,11,-,-1,-1,-1,-1,-1,-1,-1,-1,-1,-1,-1,-1,-1,-1,0.105999788
1155,Animalia,Chordata,Reptilia,Sauropsida,Squamata,Chamaeleonidae,Chamaeleo,Chamaeleo calyptratus,Veiled chameleon,87,4,0.045977011,-,7,0,0,0,2,0.022988506,1,-,92,9,87,11,-,4.437869822,4.50295858,-1,-1,13.599,35,2.4,-1,0.56,-1,200.215,-1,-1,-1,0.107211253
3100,Animalia,Chordata,Mammalia,Mammalia,Artiodactyla,Bovidae,Ovis,Ovis aries,Sheep,87,24,0.275862069,-,24,16,0.183908046,0.666666667,8,0.091954023,0.333333333,-,87,24,87,24,-,18.01446417,30.04602235,4.79947403,5.982905983,5.982905983,1.58,1.1,12,2370,17500,80000,-1,273.6,-1,0.107211253
2521,Animalia,Chordata,Mammalia,Mammalia,Primates,Callitrichidae,Leontopithecus,Leontopithecus chrysomelas,Golden-headed tamarin,85,15,0.176470588,-,15,9,0.105882353,0.6,6,0.070588235,0.4,-,85,15,85,24,-,21.50237278,23.99737015,4.352287968,4.30226167,4.30226167,2.04,1.75,0.508555784,55.07,165,535,-1,255.6,-1,0.108465229
1656,Animalia,Chordata,Aves,Sauropsida,Anseriformes,Anatidae,Dendrocygna,Dendrocygna viduata,White faced tree duck,84,2,0.023809524,-,2,1,0.011904762,0.5,1,0.011904762,0.5,-,84,2,84,3,-,-1,-1,0.887573964,-1,4.746861817,-1,-1,-1,22,-1,610,-1,144,-1,0.109108945
3247,Animalia,Chordata,Mammalia,Mammalia,Diprotodontia,Phascolarctidae,Phascolarctos,Phascolarctos cinereus,Koala,84,22,0.261904762,-,22,21,0.25,0.954545455,1,0.011904762,0.045454545,-,84,22,84,5,-,21.23602893,35.99605523,1.019066404,11.24260355,11.24260355,1.01,-1,15.48,0.36,1155,9300,0.0028,265.2,1034.1,0.109108945
675,Animalia,Chordata,Reptilia,Sauropsida,Squamata,Viperidae,Bitis,Bitis arietans,Puff adder,83,2,0.024096386,-,2,1,0.012048193,0.5,1,0.012048193,0.5,-,83,2,83,4,-,-1,-1,-1,-1,6.250034726,156,-1,-1,-1,-1,2381,-1,189.6,-1,0.10976426
3278,Animalia,Chordata,Aves,Sauropsida,Phoenicopteriformes,Phoenicopteridae,Phoenicopterus,Phoenicopterus chilensis,Chilean flamingo,82,5,0.06097561,-,4,3,0.036585366,0.75,1,0.012195122,0.25,-,82,5,82,18,-,59.99342538,66.01742275,-1,-1,191.6625,-1,1.5,0.75,85,-1,2277,-1,440.4,-1,0.110431526
3691,Animalia,Chordata,Aves,Sauropsida,Galliformes,Phasianidae,Rollulus,Rollulus rouloul,Roul roul,80,0,0,-,0,0,0,NA,0,0,NA,-,80,0,80,17,-,-1,-1,-1,-1,1,5.75,-1,-1,-1,-1,224.5,-1,-1,-1,0.111803399
4273,Animalia,Chordata,Aves,Sauropsida,Psittaciformes,Psittaculidae,Trichoglossus,Trichoglossus moluccanus,Rainbow lorikeet,80,0,0,-,0,0,0,NA,0,0,NA,-,80,0,80,9,-,-1,-1,-1,-1,6.368706272,-1,-1,-1,-1,-1,119.55,-1,193.2,-1,0.111803399
1559,Animalia,Chordata,Reptilia,Sauropsida,Squamata,Iguanidae,Ctenosaura,Ctenosaura bakeri,Bakers spiny tail iguana,80,0,0,-,0,0,0,NA,0,0,NA,-,80,0,80,2,-,-1,-1,-1,-1,5.45889109,15,-1,-1,-1,-1,399.4,-1,165.6,-1,0.111803399
538,Animalia,Chordata,Mammalia,Mammalia,Chiroptera,Phyllostomidae,Artibeus,Artibeus jamaicensis,Jamaican fruit bat,80,5,0.0625,-,5,3,0.0375,0.6,2,0.025,0.4,-,80,5,80,8,-,9.500328731,9.500328731,2.498356345,0.493096647,0.493096647,-1,-1,0.602327173,5.9,33.79,42.2,-1,230.4,56.5,0.111803399
63,Animalia,Chordata,Mammalia,Mammalia,Carnivora,Felidae,Acinonyx,Acinonyx jubatus,Cheetah,79,12,0.151898734,-,19,3,0.037974684,0.526315789,9,0.113924051,0.473684211,-,86,19,79,20,-,14.99013807,14.99013807,2.892833662,3.517422748,3.517422748,3.28,0.7,17.65,489,1940,53500,-1,246,17115,0.11250879
18222,Animalia,Chordata,Mammalia,Mammalia,Rodentia,Muridae,Lemniscomys,Lemniscomys barbarus,Striped grass mouse,78,0,0,-,0,0,0,NA,0,0,NA,-,78,0,78,1,-,-1,-1,-1,-1,1.740516,4.6,-1,-1,-1,-1,26.2,-1,52.8,-1,0.113227703
1640,Animalia,Chordata,Mammalia,Mammalia,Cingulata,Dasypodidae,Dasypus,Dasypus novemcinctus,Nine-banded armadillo,78,4,0.051282051,-,4,2,0.025641026,0.5,2,0.025641026,0.5,-,78,4,78,10,-,11.99868508,11.99868508,4.372123603,4.503616042,4.503616042,3.96,-1,-1,66,-1,5500,-1,267.6,866.97,0.113227703
2700,Animalia,Chordata,Mammalia,Mammalia,Diprotodontia,Macropodidae,Notamacropus,Notamacropus rufogriseus,Red wallaby,77,3,0.038961039,-,2,2,0.025974026,1,0,0,0,-,77,3,77,15,-,12.98487837,19.98685076,0.953320184,6.147271532,6.147271532,1.01,-1,8.97,0.598,1483.3,16200,-1,182.4,-1,0.113960576
3268,Animalia,Chordata,Mammalia,Mammalia,Cetacea,Phocoenidae,Phocoena,Phocoena phocoena,Common porpoise,76,0,0,-,0,0,0,NA,0,0,NA,-,76,0,76,1,-,34.68113083,48.02761341,10.51939513,7.98816568,7.98816568,0.98,0.935,12,7000,-1,52500,0.0088,244.8,-1,0.114707867
3639,Animalia,Chordata,Amphibia,Amphibia,Anura,Ranidae,Rana,Rana sierrae,Sierra nevada yellow-legged frog,76,1,0.013157895,-,1,0,0,0,1,0.013157895,1,-,76,1,76,5,-,-1,-1,-1,-1,-1,-1,-1,-1,-1,-1,-1,-1,-1,-1,0.114707867
15239,Animalia,Chordata,Amphibia,Amphibia,Anura,Ranidae,Rana,Rana temporaria,Common frog,73,0,0,-,0,0,0,NA,0,0,NA,-,73,0,73,1,-,35.99605523,35.99605523,-1,-1,109.5,2585,-1,-1,-1,-1,-1,-1,324,-1,0.117041147
111,Animalia,Chordata,Amphibia,Amphibia,Anura,Hylidae,Agalychnis,Agalychnis callidryas,Green tree frog,73,2,0.02739726,-,2,1,0.01369863,0.5,1,0.01369863,0.5,-,73,2,73,20,-,-1,-1,-1,-1,-1,-1,-1,-1,-1,-1,-1,-1,-1,-1,0.117041147
223,Animalia,Chordata,Amphibia,Amphibia,Caudata,Ambystomatidae,Ambystoma,Ambystoma mexicanum,Axolotl,73,5,0.068493151,-,5,5,0.068493151,1,0,0,0,-,73,5,73,18,-,18.01446417,18.01446417,0.591715976,-1,54.8,-1,-1,-1,-1,-1,-1,-1,204,-1,0.117041147
2698,Animalia,Chordata,Mammalia,Mammalia,Diprotodontia,Macropodidae,Notamacropus,Notamacropus parma,Parma wallaby,72,4,0.055555556,-,4,2,0.027777778,0.5,2,0.027777778,0.5,-,72,4,72,8,-,13.93819855,20.38132807,1.117685733,9.960552268,9.960552268,0.9,1.3,7,0.5067,754,4250,0.01,190.8,1376.25,0.11785113
8200,Animalia,Chordata,Aves,Sauropsida,Pelecaniformes,Threskiornithidae,Theristicus,Theristicus melanopis,Black faced ibis,72,0,0,-,0,0,0,NA,0,0,NA,-,72,0,72,1,-,-1,-1,-1,-1,13.64722773,2.4,-1,-1,-1,-1,1200,-1,414,-1,0.11785113
3712,Animalia,Chordata,Mammalia,Mammalia,Primates,Cebidae,Saimiri,Saimiri sciureus,Common squirrel monkey,71,8,0.112676056,-,8,1,0.014084507,0.125,7,0.098591549,0.875,-,71,8,71,15,-,32.97172913,60.02629849,5.292570677,5.818540434,5.818540434,1,1.07,12,107,403,925,0.0125,362.4,738.81,0.118678166
12,Animalia,Chordata,Mammalia,Mammalia,Carnivora,Felidae,Panthera,Panthera tigris,White bengal tiger,71,17,0.23943662,-,19,12,0.169014085,0.684210526,5,0.070422535,0.315789474,-,73,19,71,27,-,41.68310322,46.51545036,3.451676529,3.977646285,3.977646285,2.5,0.4,24.65,1190,11003,119700,-1,315.6,28497,0.118678166
2804,Animalia,Chordata,Aves,Sauropsida,Galliformes,Phasianidae,Meleagris,Meleagris gallopavo,Domestic lavender turkey,71,10,0.14084507,-,10,8,0.112676056,0.8,2,0.028169014,0.2,-,71,10,71,20,-,9.993425378,11.99868508,0.920447074,-1,33.45,11,-1,-1,47,-1,6050,0.023,156,-1,0.118678166
3299,Animalia,Chordata,Amphibia,Amphibia,Anura,Hylidae,Phyllomedusa,Phyllomedusa bicolor,Giant waxy tree frog,70,0,0,-,0,0,0,NA,0,0,NA,-,70,0,70,17,-,-1,-1,-1,-1,4.074389727,-1,-1,-1,-1,-1,-1,-1,123.6,-1,0.119522861
3019,Animalia,Chordata,Aves,Sauropsida,Psittaciformes,Cacatuidae,Nymphicus,Nymphicus hollandicus,Cockatiel,70,8,0.114285714,-,8,7,0.1,0.875,0,0,0.125,-,71,9,70,14,-,14.9800789,13.00854701,-1,-1,42.5707,4.5,-1,-1,-1,-1,90,-1,420,-1,0.119522861
2699,Animalia,Chordata,Mammalia,Mammalia,Diprotodontia,Macropodidae,Macropus,Osphranter robustus,Wallaroo,69,4,0.057971014,-,4,3,0.043478261,0.75,1,0.014492754,0.25,-,69,4,69,7,-,17.98159106,22.02498356,1.051939513,11.53846154,11.53846154,-1,1.31,8.68,0.703,2500,30000,0.0038,264,5453.5,0.120385853
4217,Animalia,Chordata,Amphibia,Amphibia,Anura,Hylidae,Trachycephalus,Trachycephalus resinifictrix,Mission-eyed tree frog,69,6,0.086956522,-,5,4,0.057971014,0.8,1,0.014492754,0.2,-,69,6,69,14,-,-1,-1,-1,-1,-1,-1,-1,-1,-1,-1,-1,-1,-1,-1,0.120385853
701,Animalia,Chordata,Reptilia,Sauropsida,Squamata,Colubridae,Boiga,Boiga dendrophila,Mangrove snake,68,1,0.014705882,-,1,1,0.014705882,1,0,0,0,-,68,1,68,6,-,-1,0.493096647,0.558842867,-1,15,-1,-1,-1,-1,-1,-1,-1,204,-1,0.121267813
19619,Animalia,Tetrapoda,Amphibia,Amphibia,Anura,Pipidae,Xenopus,Xenopus longipes,Lake oku clawed frog,67,0,0,-,0,0,0,NA,0,0,NA,-,67,0,67,1,-,-1,-1,-1,-1,-1,-1,-1,-1,-1,-1,-1,-1,-1,-1,0.122169444
3140,Animalia,Chordata,Reptilia,Sauropsida,Squamata,Colubridae,Pantherophis,Pantherophis guttatus,Corn snake,67,23,0.343283582,-,33,16,0.23880597,0.787878788,7,0.104477612,0.212121212,-,77,33,67,27,-,19.72386588,18.8678501,1.692965155,-1,58.698,12,-1,-1,-1,-1,900,-1,387.6,-1,0.122169444
4010,Animalia,Chordata,Mammalia,Mammalia,Artiodactyla,Suidae,Sus,Sus scrofa,Guinea forest hog,66,7,0.106060606,-,6,4,0.060606061,0.666666667,2,0.03030303,0.333333333,-,66,7,66,13,-,10.97961867,25.24654832,3.780407627,1.840894149,1.840894149,4.52,1.5,7.56,960,5700,130000,0.0095,324,-1,0.123091491
4166,Animalia,Chordata,Aves,Sauropsida,Pelecaniformes,Threskiornithidae,Plegadis,Threskiornis aethiopicus,Sacred ibis,66,0,0,-,0,0,0,NA,0,0,NA,-,66,0,66,4,-,35.84497041,-1,-1,-1,1090.404,2.24,-1,-1,-1,-1,1530,-1,444,-1,0.123091491
1029,Animalia,Chordata,Mammalia,Mammalia,Primates,Callitrichidae,Cebuella,Cebuella pygmaea,Pygmy marmoset,64,2,0.03125,-,2,0,0,0,2,0.03125,1,-,64,2,64,14,-,22.4852071,20.97304405,4.109138725,2.991452991,2.991452991,-1,-1,5.62,16,70,124,-1,223.2,-1,0.125
4416,Animalia,Chordata,Reptilia,Sauropsida,Squamata,Gekkonidae,Uroplatus,Uroplatus sikorae,Leaf tailed gecko,64,2,0.03125,-,2,1,0.015625,0.5,1,0.015625,0.5,-,64,2,64,10,-,-1,-1,-1,-1,0.514243364,-1,-1,-1,-1,-1,-1,-1,15.6,-1,0.125
2869,Animalia,Chordata,Reptilia,Sauropsida,Squamata,Pythonidae,Morelia,Morelia spilota,Diamond python,63,3,0.047619048,-,2,1,0.015873016,0.5,1,0.015873016,0.5,-,63,3,63,9,-,-1,-1,2.071005917,-1,7.753207635,21.6,-1,-1,25.9,-1,15926,-1,235.2,-1,0.125988158
2704,Animalia,Chordata,Mammalia,Mammalia,Macroscelidea,Macroscelididae,Macroscelides,Macroscelides proboscideus,Short-eared elephant shrew,63,4,0.063492063,-,3,2,0.031746032,0.666666667,1,0.015873016,0.333333333,-,63,4,63,4,-,1.446416831,-1,2.136752137,0.624589086,0.624589086,1.6,-1,-1,-1,-1,40,-1,104.4,52.57,0.125988158
2610,Animalia,Chordata,Amphibia,Amphibia,Anura,Hylidae,Nyctimystes,Nyctimystes infrafrenatus,White-lipped tree frog,63,7,0.111111111,-,7,7,0.111111111,1,0,0,0,-,63,7,63,24,-,-1,-1,-1,-1,-1,-1,-1,-1,-1,-1,-1,-1,-1,-1,0.125988158
2160,Animalia,Chordata,Reptilia,Sauropsida,Squamata,Helodermatidae,Heloderma,Heloderma suspectum,Gila monster,63,11,0.174603175,-,21,10,0.158730159,0.714285714,1,0.015873016,0.285714286,-,73,21,63,17,-,-1,-1,-1,-1,11.43202554,5.3,-1,-1,45.39,-1,553.41,-1,346.8,-1,0.125988158
17611,Animalia,Chordata,Mammalia,Mammalia,Rodentia,Cricetidae,Microtus,Microtus agrestis,Common field vole,62,0,0,-,0,0,0,NA,0,0,NA,-,62,0,62,1,-,1.183431953,1.380670611,0.690335306,0.427350427,0.427350427,4.4,3.6,0.66,2.3,8.9,46,-1,57.6,-1,0.127000127
11488,Animalia,Chordata,Aves,Sauropsida,Passeriformes,Turdidae,Geokichla,Geokichla citrina,Orange headed ground thrush,61,0,0,-,0,0,0,NA,0,0,NA,-,61,0,61,1,-,-1,-1,-1,-1,1,3.5,-1,-1,-1,-1,53.15,-1,-1,-1,0.12803688
3566,Animalia,Chordata,Mammalia,Mammalia,Chiroptera,Pteropodidae,Pteropus,Pteropus rodricensis,Rodrigues fruit bat,61,0,0,-,0,0,0,NA,0,0,NA,-,61,0,61,7,-,24.82412886,24.82412886,6.50887574,4.922419461,4.922419461,-1,-1,-1,45,-1,350,-1,336,134.9,0.12803688
3709,Animalia,Chordata,Mammalia,Mammalia,Primates,Callitrichidae,Saguinus,Saguinus oedipus,Tamarin monkey,60,13,0.216666667,-,13,9,0.15,0.692307692,4,0.066666667,0.307692308,-,60,13,60,22,-,18.01446417,18.08021039,5.851413544,1.709401709,1.709401709,1.9,1.38,8.02,39.36,105,445.5,0.0102,314.4,-1,0.129099445
3135,Animalia,Chordata,Mammalia,Mammalia,Carnivora,Felidae,Panthera,Panthera leo,Masai lion,60,10,0.166666667,-,13,8,0.133333333,1,0,0,0,-,65,15,60,20,-,35.99605523,35.99605523,3.583168968,7.100591716,7.100591716,2.75,0.66,21.33,1300,8480,175000,0.0035,324,27420.6,0.129099445
1767,Animalia,Chordata,Aves,Sauropsida,Psittaciformes,Psittaculidae,Eos,Eos bornea,Red lory,60,1,0.016666667,-,0,0,0,NA,0,0,NA,-,60,1,60,12,-,-1,-1,-1,-1,9.770623907,-1,-1,-1,-1,-1,156,-1,296.4,-1,0.129099445
1415,Animalia,Chordata,Aves,Sauropsida,Passeriformes,Muscicapidae,Copsychus,Copsychus malabaricus,Common shama,59,0,0,-,0,0,0,NA,0,0,NA,-,59,0,59,5,-,-1,-1,0.460223537,-1,1,3.95,-1,-1,2.67,-1,29.35,-1,-1,-1,0.130188911
3402,Animalia,Chordata,Reptilia,Sauropsida,Squamata,Agamidae,Pogona,Pogona vitticeps,Bearded dragon,59,10,0.169491525,-,9,6,0.101694915,0.666666667,3,0.050847458,0.333333333,-,59,10,59,21,-,17.99802761,-1,-1,-1,547.5,19,-1,-1,3.16,-1,500,-1,144,-1,0.130188911
2670,Animalia,Chordata,Mammalia,Mammalia,Carnivora,Canidae,Lycaon,Lycaon pictus,Cape hunting dog,58,20,0.344827586,-,18,13,0.224137931,0.722222222,5,0.086206897,0.277777778,-,58,20,58,19,-,21.00591716,21.00591716,2.366863905,2.991452991,2.991452991,8.1,1.11,11.9,318,-1,26500,-1,204,10259.65,0.131306433
4532,Animalia,Chordata,Mammalia,Mammalia,Carnivora,Otariidae,Zalophus,Zalophus californianus,California sealion,57,11,0.192982456,-,11,8,0.140350877,0.727272727,3,0.052631579,0.272727273,-,57,11,57,16,-,35.99605523,60.02629849,8.514135437,10.35502959,10.35502959,1.2,0.5,24,7000,25000,180000,-1,428.4,-1,0.132453236
3694,Animalia,Chordata,Mammalia,Mammalia,Chiroptera,Pteropodidae,Rousettus,Rousettus aegyptiacus,Egyptian fruit bat,57,7,0.122807018,-,7,6,0.105263158,0.857142857,1,0.01754386,0.142857143,-,57,7,57,17,-,11.99868508,11.99868508,3.813280736,4.010519395,4.010519395,1.07,-1,-1,21.06,73.8,125,0.0149,274.8,122.64,0.132453236
1800,Animalia,Chordata,Reptilia,Sauropsida,Squamata,Homalopsidae,Erpeton,Erpeton tentaculatum,Tentacled snake,56,0,0,-,0,0,0,NA,0,0,NA,-,56,0,56,11,-,-1,-1,-1,-1,5.379776726,-1,-1,-1,-1,-1,131,-1,163.2,-1,0.133630621
3750,Animalia,Chordata,Reptilia,Sauropsida,Squamata,Phrynosomatidae,Sceloporus,Sceloporus cyanogenys,Blue spiny lizard,56,2,0.035714286,-,2,2,0.035714286,1,0,0,0,-,56,2,56,7,-,-1,-1,-1,-1,2.650331181,13,-1,-1,1.15,-1,35.59,-1,80.4,-1,0.133630621
2293,Animalia,Chordata,Mammalia,Mammalia,Rodentia,Hydrochaeridae,Hydrochoerus,Hydrochoerus hydrochaeris,Capybara,55,10,0.181818182,-,14,8,0.145454545,0.714285714,2,0.036363636,0.285714286,-,59,14,55,18,-,14.99013807,14.99013807,4.930966469,3.385930309,3.385930309,4.8,1.25,8.05,1500,8299,55000,-1,181.2,6596.25,0.134839972
1398,Animalia,Chordata,Aves,Sauropsida,Columbiformes,Columbidae,Columba,Columba livia,Domestic pigeon,55,1,0.018181818,-,1,0,0,0,1,0.018181818,1,-,55,1,55,14,-,4.602235371,4.602235371,0.591715976,-1,14,-1,-1,-1,15.2,-1,358.7,0.28,420,-1,0.134839972
540,Animalia,Chordata,Aves,Sauropsida,Anseriformes,Anatidae,Asarcornis,Asarcornis scutulata,White-winged duck,55,2,0.036363636,-,2,2,0.036363636,1,0,0,0,-,55,2,55,7,-,-1,-1,-1,-1,1,9.662921348,-1,-1,-1,-1,3000,-1,-1,-1,0.134839972
4414,Animalia,Chordata,Reptilia,Sauropsida,Squamata,Gekkonidae,Uroplatus,Uroplatus phantasticus,Satanic leaf-tailed gecko,55,2,0.036363636,-,2,2,0.036363636,1,0,0,0,-,55,2,55,6,-,-1,-1,-1,-1,-1,-1,-1,-1,-1,-1,-1,-1,-1,-1,0.134839972
686,Animalia,Chordata,Reptilia,Sauropsida,Squamata,Boidae,Boa,Boa constrictor,Boa constrictor,55,11,0.2,-,17,7,0.127272727,0.764705882,4,0.072727273,0.235294118,-,61,17,55,31,-,35.99605523,35.99605523,4.109138725,-1,109.5,35,-1,-1,-1,-1,3532,-1,484.8,-1,0.134839972
3545,Animalia,Chordata,Aves,Sauropsida,Piciformes,Ramphastidae,Pteroglossus,Pteroglossus aracari,Black-necked aracari,54,3,0.055555556,-,3,1,0.018518519,0.333333333,2,0.037037037,0.666666667,-,54,3,54,6,-,-1,-1,-1,-1,1,2.9,-1,-1,-1,-1,261.75,-1,-1,-1,0.136082763
1425,Animalia,Chordata,Reptilia,Sauropsida,Squamata,Boidae,Corallus,Corallus caninus,Emerald tree boa,54,3,0.055555556,-,3,2,0.037037037,0.666666667,1,0.018518519,0.333333333,-,54,3,54,21,-,-1,-1,-1,-1,7.357635817,8.5,-1,-1,-1,-1,-1,-1,223.2,-1,0.136082763
1710,Animalia,Chordata,Amphibia,Amphibia,Anura,Microhylidae,Dyscophus,Dyscophus antongilii,Tamato frog,54,4,0.074074074,-,4,2,0.037037037,0.5,2,0.037037037,0.5,-,54,4,54,20,-,-1,-1,-1,-1,-1,-1,-1,-1,-1,-1,-1,-1,-1,-1,0.136082763
3013,Animalia,Chordata,Aves,Sauropsida,Galliformes,Numididae,Numida,Numida meleagris,Guinea fowl,54,9,0.166666667,-,8,6,0.111111111,0.75,2,0.037037037,0.25,-,54,9,54,10,-,-1,-1,0.887573964,-1,1,8.75,-1,-1,24.5,-1,1299,-1,-1,-1,0.136082763
2601,Animalia,Chordata,Mammalia,Mammalia,Artiodactyla,Bovidae,Litocranius,Litocranius walleri,Southern gerenuk,53,5,0.094339623,-,3,2,0.037735849,0.666666667,1,0.018867925,0.333333333,-,53,5,53,11,-,11.80144642,27.67324129,6.706114398,7.922419461,7.922419461,-1,1.35,7.92,-1,-1,43500,-1,207.6,-1,0.137360564
1468,Animalia,Chordata,Aves,Sauropsida,Passeriformes,Sturnidae,Cosmopsarus,Cosmopsarus regius,Golden-breasted starling,53,1,0.018867925,-,1,1,0.018867925,1,0,0,0,-,53,1,53,12,-,-1,-1,-1,-1,-1,-1,-1,-1,-1,-1,-1,-1,-1,-1,0.137360564
14402,Animalia,Chordata,Mammalia,Mammalia,Rodentia,Gliridae,Muscardinus,Muscardinus avellanarius,Common dormouse,52,2,0.038461538,-,2,0,0,0,2,0.038461538,1,-,52,2,52,1,-,11.01249178,11.01249178,0.756081525,1.282051282,1.282051282,4.3,1.5,1.64,0.8,-1,27.3,-1,63.6,-1,0.138675049
2570,Animalia,Chordata,Aves,Sauropsida,Passeriformes,Sturnidae,Leucopsar,Leucopsar rothschildi,Bali mynah,52,6,0.115384615,-,6,5,0.096153846,0.833333333,1,0.019230769,0.166666667,-,52,6,52,22,-,-1,-1,0.427350427,-1,9.889295453,-1,-1,-1,-1,-1,95,-1,300,-1,0.138675049
3288,Animalia,Chordata,Reptilia,Sauropsida,Squamata,Phrynosomatidae,Phrynosoma,Phrynosoma asio,Giant horned lizard,51,0,0,-,0,0,0,NA,0,0,NA,-,51,0,51,6,-,-1,-1,-1,-1,1,17.5,-1,-1,-1,-1,100,-1,-1,-1,0.140028008
2926,Animalia,Chordata,Mammalia,Mammalia,Artiodactyla,Bovidae,Nanger,Nanger dama,Addra gazelle,50,8,0.16,-,7,2,0.04,0.428571429,4,0.08,0.571428571,-,51,9,50,10,-,3.595003287,3.595003287,6.837606838,-1,10.936,-1,1.56,5.98,-1,-1,73000,-1,231.6,-1,0.141421356
3296,Animalia,Chordata,Amphibia,Amphibia,Anura,Dendrobatidae,Phyllobates,Phyllobates bicolor,Bi-colour poison dart frog,50,0,0,-,0,0,0,NA,0,0,NA,-,50,0,50,6,-,-1,-1,-1,-1,-1,-1,-1,-1,-1,-1,-1,-1,-1,-1,0.141421356
1527,Animalia,Chordata,Reptilia,Sauropsida,Squamata,Viperidae,Crotalus,Crotalus lepidus,Rock rattlesnake,49,2,0.040816327,-,2,2,0.040816327,1,0,0,0,-,49,2,49,14,-,-1,-1,-1,-1,13.29121309,4.95,-1,-1,-1,-1,219,-1,403.2,-1,0.142857143
4238,Animalia,Chordata,Mammalia,Mammalia,Artiodactyla,Bovidae,Tragelaphus,Tragelaphus strepsiceros,Kudu,48,3,0.0625,-,2,0,0,0,2,0.041666667,1,-,48,3,48,11,-,16.99539776,21.8731098,7.495069034,6.015779093,6.015779093,-1,1.1,12,15000,-1,217500,-1,282,-1,0.144337567
4471,Animalia,Chordata,Mammalia,Mammalia,Primates,Lemuridae,Varecia,Varecia variegata,Red/black ruffed lemur,48,16,0.333333333,-,16,11,0.229166667,0.6875,5,0.104166667,0.3125,-,48,16,48,21,-,19.88823143,21.33464826,3.22156476,3.676859303,3.676859303,1.9,1.1,12,107.17,2893,3482.3,-1,472.8,-1,0.144337567
3582,Animalia,Chordata,Aves,Sauropsida,Columbiformes,Columbidae,Ptilinopus,Ptilinopus superbus,Mount apo lorikeet,48,0,0,-,0,0,0,NA,0,0,NA,-,48,0,48,1,-,-1,-1,-1,-1,1,-1,-1,-1,-1,-1,117.75,-1,-1,-1,0.144337567
1148,Animalia,Chordata,Aves,Sauropsida,Columbiformes,Columbidae,Chalcophaps,Chalcophaps indica,Emerald dove,48,0,0,-,0,0,0,NA,0,0,NA,-,48,0,48,6,-,-1,-1,-1,-1,1,-1,-1,-1,-1,-1,136.9833334,-1,-1,-1,0.144337567
1293,Animalia,Chordata,Mammalia,Mammalia,Chiroptera,Phyllostomidae,Chrotopterus,Chrotopterus auritus,Vampire bat,48,1,0.020833333,-,1,0,0,0,1,0.020833333,1,-,48,1,48,9,-,18.01035503,18.01035503,2.830046022,9.00591716,9.00591716,0.99,-1,-1,-1,-1,84.38,-1,-1,101.86,0.144337567
897,Animalia,Chordata,Mammalia,Mammalia,Primates,Callitrichidae,Callithrix,Callithrix jacchus,Common marmoset,47,8,0.170212766,-,5,4,0.085106383,0.8,1,0.021276596,0.2,-,47,8,47,5,-,15.68047337,12.55752794,4.733727811,2.038132807,2.038132807,2.31,1.67,5.56,26.5,86.67,255.2,0.0172,273.6,152,0.145864991
11776,Animalia,Chordata,Aves,Sauropsida,Gruiformes,Rallidae,Crex,Crex crex,Corncrake,47,0,0,-,0,0,0,NA,0,0,NA,-,47,0,47,1,-,11.94832347,-1,-1,-1,363.468,10,-1,-1,-1,-1,155.5,-1,70,-1,0.145864991
2871,Animalia,Chordata,Reptilia,Sauropsida,Squamata,Pythonidae,Morelia,Morelia viridis,Green tree python,47,4,0.085106383,-,23,2,0.042553191,0.652173913,1,0.021276596,0.347826087,-,67,24,47,21,-,-1,-1,1.824457594,-1,8.148779453,16,-1,-1,9.4,-1,3113,-1,247.2,-1,0.145864991
3267,Animalia,Chordata,Mammalia,Mammalia,Carnivora,Phocidae,Phoca,Phoca vitulina,Atlantic harbor seal,46,2,0.043478261,-,2,2,0.043478261,1,0,0,0,-,46,2,46,6,-,35.99605523,47.9947403,8.316896778,0.986193294,0.986193294,-1,1.1,12,11000,23945,115000,0.0013,571.2,32350.8,0.147441956
1706,Animalia,Chordata,Aves,Sauropsida,Columbiformes,Columbidae,Ducula,Ducula brenchleyi,Ducula brenchleyi,46,5,0.108695652,-,3,2,0.043478261,0.666666667,1,0.02173913,0.333333333,-,46,5,46,15,-,-1,-1,-1,-1,1,-1,-1,-1,-1,-1,510,-1,-1,-1,0.147441956
2475,Animalia,Chordata,Reptilia,Sauropsida,Squamata,Colubridae,Lampropeltis,Lampropeltis triangulum,Milk snake,46,18,0.391304348,-,28,16,0.347826087,0.75,2,0.043478261,0.25,-,56,28,46,20,-,-1,-1,-1,-1,8.939923089,-1,-1,-1,-1,-1,950,-1,271.2,-1,0.147441956
1915,Animalia,Chordata,Aves,Sauropsida,Passeriformes,Fringillidae,Fringilla,Fringilla coelebs,Chaffinch,45,0,0,-,0,0,0,NA,0,0,NA,-,45,0,45,1,-,11.99868508,11.99868508,-1,-1,36.5,4.5,-1,-1,1.27,-1,20.7,-1,348,-1,0.149071198
576,Animalia,Chordata,Reptilia,Sauropsida,Squamata,Viperidae,Atheris,Atheris ceratophora,Atheris ceratophora,44,1,0.022727273,-,1,1,0.022727273,1,0,0,0,-,44,1,44,14,-,-1,-1,-1,-1,-1,-1,-1,-1,-1,-1,-1,-1,-1,-1,0.150755672
295,Animalia,Chordata,Aves,Sauropsida,Anseriformes,Anatidae,Sibirionetta,Anas formosa,Baikal teal,43,0,0,-,0,0,0,NA,0,0,NA,-,43,0,43,1,-,-1,-1,-1,-1,1,7.400485437,-1,-1,-1,-1,435.5,-1,-1,-1,0.15249857
80,Animalia,Chordata,Mammalia,Mammalia,Diprotodontia,Acrobatidae,Acrobates,Acrobates pygmaeus,Feathertail glider,43,0,0,-,0,0,0,NA,0,0,NA,-,43,0,43,3,-,7.889546351,11.99868508,-1,3.25443787,3.25443787,2.8,-1,3.75,0.0178,5.65,13,0.0254,105.6,14938,0.15249857
3596,Animalia,Chordata,Mammalia,Mammalia,Carnivora,Phocidae,Pusa,Pusa hispida,Ringed seal,42,3,0.071428571,-,3,3,0.071428571,1,0,0,0,-,42,3,42,15,-,60.02629849,72.02498356,8.251150559,1.742274819,1.742274819,-1,1.1,12,6000,14000,90000,-1,552,12813,0.15430335
2621,Animalia,Chordata,Mammalia,Mammalia,Carnivora,Mustelidae,Lontra,Lontra canadensis,North americal river otter,42,5,0.119047619,-,8,3,0.071428571,1,0,0,0,-,47,10,42,19,-,23.99737015,23.99737015,2.038132807,4.010519395,4.010519395,2.5,0.9,12,140,1510,9000,-1,324,-1,0.15430335
368,Animalia,Chordata,Amphibia,Amphibia,Anura,Aromobatidae,Anomaloglossus,Anomaloglossus beebei,Beebe's rocket frog,42,0,0,-,0,0,0,NA,0,0,NA,-,42,0,42,8,-,-1,-1,-1,-1,-1,-1,-1,-1,-1,-1,-1,-1,-1,-1,0.15430335
4358,Animalia,Chordata,Amphibia,Amphibia,Caudata,Salamandridae,Neurergus,Tylototriton shanjing,Emperor newt,42,0,0,-,0,0,0,NA,0,0,NA,-,42,0,42,10,-,-1,-1,-1,-1,-1,-1,-1,-1,-1,-1,-1,-1,-1,-1,0.15430335
1626,Animalia,Chordata,Aves,Sauropsida,Passeriformes,Thraupidae,Dacnis,Dacnis lineata,Dacnis lineata,42,2,0.047619048,-,2,0,0,0,2,0.047619048,1,-,42,2,42,11,-,-1,-1,-1,-1,1,-1,-1,-1,-1,-1,11.25,-1,-1,-1,0.15430335
2516,Animalia,Chordata,Aves,Sauropsida,Passeriformes,Leiothrichidae,Leiothrix,Leiothrix lutea,Pekin robin,42,2,0.047619048,-,1,0,0,0,1,0.023809524,1,-,42,2,42,11,-,-1,-1,0.394477318,-1,5.933577272,2.82,-1,-1,3.1,-1,21.5,-1,180,-1,0.15430335
1774,Animalia,Chordata,Reptilia,Sauropsida,Squamata,Boidae,Epicrates,Epicrates subflavus,Jamaica boa,42,2,0.047619048,-,2,1,0.023809524,0.5,1,0.023809524,0.5,-,42,2,42,6,-,-1,-1,-1,-1,-1,-1,-1,-1,-1,-1,-1,-1,-1,-1,0.15430335
514,Animalia,Chordata,Aves,Sauropsida,Pelecaniformes,Ardeidae,Ardeola,Ardeola speciosa,Ardeola speciosa,42,9,0.214285714,-,9,3,0.071428571,0.333333333,6,0.142857143,0.666666667,-,42,9,42,4,-,-1,-1,-1,-1,-1,-1,-1,-1,-1,-1,-1,-1,-1,-1,0.15430335
2881,Animalia,Chordata,Mammalia,Mammalia,Rodentia,Muridae,Mus,Mus musculus,Common mouse,41,16,0.390243902,-,36,11,0.268292683,0.666666667,5,0.12195122,0.333333333,-,61,36,41,13,-,1.380670611,1.380670611,0.624589086,0.723208416,0.723208416,5.54,5.4,0.99,1.25,8.9,20.5,0.0298,72,56.76,0.156173762
4461,Animalia,Chordata,Reptilia,Sauropsida,Squamata,Varanidae,Varanus,Varanus prasinus,Emerald monitor,41,4,0.097560976,-,9,2,0.048780488,0.777777778,2,0.048780488,0.222222222,-,46,9,41,13,-,-1,-1,-1,-1,5.617119817,4.1,1.4,-1,8.6,-1,237.5,-1,170.4,-1,0.156173762
4046,Animalia,Chordata,Aves,Sauropsida,Anseriformes,Anatidae,Radjah,Tadorna radjah,Radjah shelduck,41,0,0,-,0,0,0,NA,0,0,NA,-,41,0,41,6,-,-1,-1,-1,-1,1,-1,-1,-1,-1,-1,865,-1,-1,-1,0.156173762
1315,Animalia,Chordata,Aves,Sauropsida,Ciconiiformes,Ciconiidae,Ciconia,Ciconia ciconia,Abdims stork,41,0,0,-,0,0,0,NA,0,0,NA,-,41,0,41,3,-,-1,-1,-1,-1,8.544351271,2.25,-1,-1,-1,-1,1398,-1,259.2,-1,0.156173762
2695,Animalia,Chordata,Mammalia,Mammalia,Diprotodontia,Macropodidae,Macropus,Macropus eugenii,Tammar wallaby,41,1,0.024390244,-,6,1,0.024390244,0.166666667,0,0,0.833333333,-,46,6,41,10,-,9.007232084,23.99737015,0.920447074,10.68376068,10.68376068,1.01,-1,12,0.429,3000,6500,-1,181.2,1385.65,0.156173762
3734,Animalia,Chordata,Reptilia,Sauropsida,Squamata,Iguanidae,Sauromalus,Sauromalus ater,Sauromalus obesus,41,3,0.073170732,-,3,2,0.048780488,0.666666667,1,0.024390244,0.333333333,-,41,3,41,15,-,30.01725838,24.01380671,1.150558843,-1,82.18125,7.7,-1,-1,6.805,-1,230.39,-1,111.6,-1,0.156173762
1930,Animalia,Chordata,Reptilia,Sauropsida,Squamata,Chamaeleonidae,Furcifer,Furcifer pardalis,Reunion chameleon,41,4,0.097560976,-,4,4,0.097560976,1,0,0,0,-,41,4,41,12,-,-1,-1,-1,-1,2.056973454,24,-1,-1,-1,-1,-1,-1,62.4,-1,0.156173762
2027,Animalia,Chordata,Reptilia,Sauropsida,Squamata,Agamidae,Gonocephalus,Gonocephalus chamaeleontinus,Chameleon forest dragon,40,0,0,-,9,0,0,0.333333333,0,0,0.666666667,-,49,9,40,10,-,-1,-1,-1,-1,17.19946265,-1,4.6,-1,-1,0.58,-1,-1,521.76,-1,0.158113883
1226,Animalia,Chordata,Mammalia,Mammalia,Rodentia,Chinchillidae,Chinchilla,Chinchilla lanigera,Chinchilla,40,4,0.1,-,4,3,0.075,0.75,1,0.025,0.25,-,40,4,40,24,-,-1,-1,4.27,-1,7.911436362,1.45,1.5,-1,-1,-1,-1,-1,240,-1,0.158113883
1097,Animalia,Chordata,Mammalia,Mammalia,Primates,Cercopithecidae,Cercopithecus,Cercopithecus mitis,Stuhlmans blue monkey,40,4,0.1,-,4,4,0.1,1,0,0,0,-,40,4,40,1,-,54.99671269,54.99671269,4.339250493,10.35502959,10.35502959,-1,0.5,16.93,366.4,-1,9000,-1,453.6,3455.75,0.158113883
2037,Animalia,Chordata,Mammalia,Mammalia,Primates,Hominidae,Gorilla,Gorilla gorilla,Gorilla,40,9,0.225,-,9,6,0.15,0.666666667,3,0.075,0.333333333,-,40,9,40,13,-,92.99802761,131.9855358,8.415516108,27.41617357,27.41617357,1.05,0.3,45.92,2061.4,12595,139842,0.0008,721.2,-1,0.158113883
4361,Animalia,Chordata,Amphibia,Amphibia,Gymnophiona,Caeciliidae,Typhlonectes,Typhlonectes natans,Rio couca caecilian,40,0,0,-,0,0,0,NA,0,0,NA,-,40,0,40,11,-,-1,-1,-1,-1,-1,-1,-1,-1,-1,-1,-1,-1,-1,-1,0.158113883
542,Animalia,Chordata,Amphibia,Amphibia,Anura,Leiopelmatidae,Ascaphus,Ascaphus truei,Coastal tailed frog,39,0,0,-,0,0,0,NA,0,0,NA,-,39,0,39,5,-,-1,-1,1.051939513,-1,5.538005454,62,-1,-1,-1,-1,-1,-1,168,-1,0.160128154
2595,Animalia,Chordata,Amphibia,Amphibia,Anura,Ranidae,Lithobates,Lithobates sevosus,Mississippi gopher frog,39,0,0,-,0,0,0,NA,0,0,NA,-,39,0,39,5,-,-1,-1,-1,-1,-1,-1,-1,-1,-1,-1,-1,-1,-1,-1,0.160128154
84,Animalia,Chordata,Aves,Sauropsida,Galliformes,Numididae,Acryllium,Acryllium vulturinum,Vulturine guineafowl,39,5,0.128205128,-,5,4,0.102564103,0.8,1,0.025641026,0.2,-,39,5,39,12,-,-1,-1,-1,-1,1,10,-1,-1,-1,-1,1333.875,-1,-1,-1,0.160128154
1822,Animalia,Chordata,Reptilia,Sauropsida,Squamata,Gekkonidae,Eublepharis,Eublepharis macularius,Leopard gecko,38,7,0.184210526,-,12,6,0.157894737,0.916666667,1,0.026315789,0.083333333,-,43,12,38,22,-,13.14924392,13.14924392,1.808021039,-1,40,-1,2.25,-1,1.87,-1,35.53,-1,342,-1,0.162221421
823,Animalia,Chordata,Amphibia,Amphibia,Anura,Bufonidae,Bufo,Bufo bufo,Common toad,38,0,0,-,0,0,0,NA,0,0,NA,-,38,0,38,2,-,47.9947403,47.9947403,-1,-1,146,-1,-1,-1,-1,-1,-1,-1,480,-1,0.162221421
3959,Animalia,Chordata,Reptilia,Sauropsida,Squamata,Agamidae,Stellagama,Stellagama stellio,Hardun sling-tailed agama,38,2,0.052631579,-,2,2,0.052631579,1,0,0,0,-,38,2,38,2,-,-1,-1,-1,-1,1,7.7,-1,-1,0.71,-1,40.605,-1,-1,-1,0.162221421
1,Animalia,Chordata,Mammalia,Mammalia,Carnivora,Ailuridae,Ailurus,Ailurus fulgens,Red panda,38,2,0.052631579,-,3,1,0.026315789,0.666666667,1,0.026315789,0.333333333,-,39,3,38,21,-,18.08021039,18.08021039,3.813280736,4.503616042,4.503616042,1.7,-1,12,100,1140,4325,0.009,228,838.36,0.162221421
407,Animalia,Chordata,Mammalia,Mammalia,NA,Antilocapridae,Antilocapra,Antilocapra americana,Peninsular pronghorn,38,3,0.078947368,-,2,2,0.052631579,1,0,0,0,-,38,3,38,8,-,17.98159106,17.98159106,7.725180802,2.991452991,2.991452991,1.93,-1,12,3000,8900,46100,0.0083,186,8960,0.162221421
3297,Animalia,Chordata,Amphibia,Amphibia,Anura,Aromobatidae,Anomaloglossus,Phyllobates terribilis,Golden poison arrow frog,37,0,0,-,0,0,0,NA,0,0,NA,-,37,0,37,9,-,-1,-1,-1,-1,-1,-1,-1,-1,-1,-1,-1,-1,-1,-1,0.164398987
2404,Animalia,Chordata,Aves,Sauropsida,Passeriformes,Irenidae,Irena,Irena cyanogaster,Fairy bluebird,37,1,0.027027027,-,1,1,0.027027027,1,0,0,0,-,37,1,37,17,-,-1,-1,-1,-1,-1,-1,-1,-1,-1,-1,-1,-1,-1,-1,0.164398987
2588,Animalia,Chordata,Amphibia,Amphibia,Anura,Ranidae,Lithobates,Lithobates catesbeianus,American bullfrog,37,2,0.054054054,-,6,0,0,0.666666667,2,0.054054054,0.333333333,-,41,6,37,13,-,41.97896121,23.99737015,-1,-1,100.35,-1,-1,-1,-1,-1,54.4,-1,192,-1,0.164398987
1388,Animalia,Chordata,Aves,Sauropsida,Coliiformes,Coliidae,Colius,Colius striatus,Speckled mousebird,37,3,0.081081081,-,3,0,0,0,3,0.081081081,1,-,37,3,37,7,-,11.94832347,-1,0.460223537,-1,363.468,3.3,-1,-1,-1,-1,51,-1,138,-1,0.164398987
3472,Animalia,Chordata,Mammalia,Mammalia,Carnivora,Procyonidae,Procyon,Procyon lotor,Common raccoon,37,3,0.081081081,-,3,2,0.054054054,0.666666667,1,0.027027027,0.333333333,-,37,3,37,10,-,11.99868508,11.99868508,2.071005917,2.991452991,2.991452991,3.06,-1,12,80,1175,6000,0.0153,252,2096.43,0.164398987
936,Animalia,Chordata,Mammalia,Mammalia,Carnivora,Canidae,Canis,Canis lupus,Gray wolf,36,12,0.333333333,-,27,9,0.25,0.740740741,2,0.055555556,0.259259259,-,52,28,36,18,-,21.99211045,21.99211045,2.038132807,1.54503616,1.54503616,4.98,0.8,12,450,5250,26625,0.0177,247.2,11254.2,0.166666667
5246,Animalia,Chordata,Aves,Sauropsida,Accipitriformes,Accipitridae,Milvus,Milvus milvus,Red kite,36,0,0,-,0,0,0,NA,0,0,NA,-,36,0,36,1,-,35.99605523,35.99605523,-1,-1,109.5,-1,-1,-1,50,-1,1080,-1,456,-1,0.166666667
2780,Animalia,Chordata,Aves,Sauropsida,Strigiformes,Strigidae,Megascops,Megascops asio,Eastern screech-owl,36,4,0.111111111,-,4,3,0.083333333,0.75,1,0.027777778,0.25,-,36,4,36,23,-,11.99868508,11.99868508,0.953320184,-1,36.5,4.25,-1,-1,11,-1,164.1,0.264,248.4,-1,0.166666667
4016,Animalia,Chordata,Mammalia,Mammalia,Lagomorpha,Leporidae,Sylvilagus,Sylvilagus transitionalis,New england cottontail,35,2,0.057142857,-,2,1,0.028571429,0.5,1,0.028571429,0.5,-,35,2,35,1,-,3.944773176,-1,0.920447074,0.525969757,0.525969757,4.8,2.5,0.08275154,30,118.5,902.6,-1,111.6,-1,0.169030851
2618,Animalia,Chordata,Aves,Sauropsida,Passeriformes,Estrilididae,Lonchura,Padda oryzivora,Java sparrow,35,4,0.114285714,-,4,1,0.028571429,0.25,3,0.085714286,0.75,-,35,4,35,5,-,-1,-1,0.460223537,-1,1,4.95,2.5,-1,-1,-1,24.8,-1,-1,-1,0.169030851
952,Animalia,Chordata,Mammalia,Mammalia,Artiodactyla,Bovidae,Capra,Capra nubiana,Nubian ibex,35,1,0.028571429,-,1,0,0,0,1,0.028571429,1,-,35,1,35,3,-,26.882643,41.2886259,4.930966469,7.503944773,7.503944773,1.11,0.8,1.41889117,2791.43,15691.695,46250,-1,268.8,-1,0.169030851
1854,Animalia,Chordata,Aves,Sauropsida,Passeriformes,Fringillidae,Euphonia,Euphonia violacea,Euphonia violacea,35,0,0,-,0,0,0,NA,0,0,NA,-,35,0,35,7,-,-1,-1,-1,-1,1,3.75,-1,-1,-1,-1,14.875,-1,-1,-1,0.169030851
4547,Animalia,Chordata,Aves,Sauropsida,Columbiformes,Columbidae,Zenaida,Zenaida graysoni,Soccoro dove,35,1,0.028571429,-,1,1,0.028571429,1,0,0,0,-,35,1,35,1,-,-1,-1,-1,-1,1,-1,-1,-1,-1,-1,191,-1,-1,-1,0.169030851
3706,Animalia,Chordata,Mammalia,Mammalia,Primates,Callitrichidae,Saguinus,Saguinus imperator,Emperor tamarins,35,1,0.028571429,-,1,1,0.028571429,1,0,0,0,-,35,1,35,9,-,17.94871795,23.99737015,4.76660092,-1,63.8,-1,-1,-1,47,-1,518.5,-1,284.4,-1,0.169030851
3375,Animalia,Chordata,Aves,Sauropsida,Passeriformes,Ploceidae,Ploceus,Ploceus castaneiceps,Ploceus castaneiceps,35,2,0.057142857,-,2,2,0.057142857,1,0,0,0,-,35,2,35,8,-,-1,-1,-1,-1,1,2.7,-1,-1,-1,-1,18.45,-1,-1,-1,0.169030851
679,Animalia,Chordata,Reptilia,Sauropsida,Squamata,Viperidae,Bitis,Bitis gabonica,Gaboon viper,35,4,0.114285714,-,4,3,0.085714286,0.75,1,0.028571429,0.25,-,35,4,35,10,-,-1,-1,-1,-1,7.120292726,156,-1,-1,-1,-1,2381,-1,216,-1,0.169030851
8028,Animalia,Chordata,Aves,Sauropsida,Passeriformes,Nectariniidae,Chalcomitra,Chalcomitra senegalensis,Scarlet breasted sunbird,34,0,0,-,0,0,0,NA,0,0,NA,-,34,0,34,1,-,-1,-1,-1,-1,1,1.85,2.5,-1,-1,-1,12.175,-1,-1,-1,0.171498585
3238,Animalia,Chordata,Mammalia,Mammalia,Artiodactyla,Suidae,Phacochoerus,Phacochoerus africanus,Warthog,34,6,0.176470588,-,5,3,0.088235294,0.6,2,0.058823529,0.4,-,34,6,34,15,-,19.00065746,19.00065746,5.391190007,2.761341223,2.761341223,-1,1.5,14,660,-1,100000,-1,250.8,-1,0.171498585
3640,Animalia,Chordata,Mammalia,Mammalia,Artiodactyla,Cervidae,Rangifer,Rangifer tarandus,Caribou,34,4,0.117647059,-,6,2,0.058823529,0.333333333,2,0.058823529,0.666666667,-,36,6,34,9,-,21.76199869,22.35371466,7.495069034,3.944773176,3.944773176,1.1,1.1,12,6500,20000,101250,0.0047,261.6,-1,0.171498585
3711,Animalia,Chordata,Mammalia,Mammalia,Primates,Cebidae,Saimiri,Saimiri boliviensis,Black-capped squirrel monkey,34,0,0,-,0,0,0,NA,0,0,NA,-,34,0,34,5,-,35.85104471,60.02629849,5.193951348,5.818540434,5.818540434,1.02,1.07,1.024298426,107.5,410.5,615,-1,363.6,-1,0.171498585
1390,Animalia,Chordata,Mammalia,Mammalia,Primates,Cercopithecidae,Colobus,Colobus guereza,Colobus monkey,34,4,0.117647059,-,4,2,0.058823529,0.5,2,0.058823529,0.5,-,34,4,34,15,-,48.02761341,72.05785667,5.752794214,12.39316239,12.39316239,-1,0.95,12,397.8,1600,9950,-1,420,3055,0.171498585
2462,Animalia,Chordata,Mammalia,Mammalia,Artiodactyla,Camelidae,Lama,Lama glama,Llama,34,10,0.294117647,-,11,5,0.147058824,0.545454545,4,0.117647059,0.454545455,-,36,12,34,16,-,26.29848784,26.29848784,10.84812623,4.996712689,4.996712689,-1,0.685,1.499657769,11000,29000,140000,-1,346.8,-1,0.171498585
4124,Animalia,Chordata,Reptilia,Sauropsida,Testudines,Testudinidae,Testudo,Testudo kleinmanni,Egyptian tortoise,34,0,0,-,0,0,0,NA,0,0,NA,-,34,0,34,2,-,72.04142012,-1,-1,-1,2191.5,1.666666667,-1,-1,5.9,-1,440,-1,252,-1,0.171498585
3173,Animalia,Chordata,Aves,Sauropsida,Passeriformes,Thraupidae,Paroaria,Paroaria coronata,Red-crested cardinal,34,1,0.029411765,-,1,0,0,0,1,0.029411765,1,-,34,1,34,14,-,-1,-1,-1,-1,1,-1,-1,-1,-1,-1,38.76666667,-1,-1,-1,0.171498585
2492,Animalia,Chordata,Aves,Sauropsida,Charadriiformes,Laridae,Larosterna,Larosterna inca,Inca tern,34,1,0.029411765,-,1,1,0.029411765,1,0,0,0,-,34,1,34,9,-,-1,-1,0.920447074,-1,10.28486727,-1,-1,-1,-1,-1,219,-1,312,-1,0.171498585
4333,Animalia,Chordata,Reptilia,Sauropsida,Squamata,Viperidae,Tropidolaemus,Tropidolaemus wagleri,Wagler's pit viper,34,1,0.029411765,-,1,1,0.029411765,1,0,0,0,-,34,1,34,6,-,-1,-1,12.62327416,0.190664037,0.190664037,-1,-1,5.8,-1,-1,-1,-1,-1,-1,0.171498585
3111,Animalia,Chordata,Aves,Sauropsida,Anseriformes,Anatidae,Oxyura,Oxyura jamaicensis,Ruddy duck,34,2,0.058823529,-,2,1,0.029411765,0.5,1,0.029411765,0.5,-,34,2,34,11,-,11.99868508,11.99868508,0.756081525,-1,36.5,-1,-1,-1,43,-1,542,-1,163.2,-1,0.171498585
141,Animalia,Chordata,Aves,Sauropsida,Anseriformes,Anatidae,Aix,Aix sponsa,Wood duck,33,5,0.151515152,-,5,3,0.090909091,0.6,2,0.060606061,0.4,-,33,5,33,14,-,11.99868508,11.99868508,1.019066404,-1,36.5,12,1.5,-1,23.7,-1,452.8,-1,270,-1,0.174077656
4374,Animalia,Chordata,Mammalia,Mammalia,Carnivora,Felidae,Panthera,Panthera uncia,Snow leopard,33,12,0.363636364,-,12,10,0.303030303,0.833333333,2,0.060606061,0.166666667,-,33,12,33,17,-,23.99737015,23.99737015,3.15581854,2.531229454,2.531229454,2.12,1.1,12,475,7500,50000,-1,254.4,-1,0.174077656
918,Animalia,Chordata,Reptilia,Sauropsida,Squamata,Chamaeleonidae,Calumma,Calumma parsonii,Parsons chameleon,33,0,0,-,0,0,0,NA,0,0,NA,-,33,0,33,6,-,-1,-1,-1,-1,1,27,-1,-1,-1,-1,-1,-1,-1,-1,0.174077656
1532,Animalia,Chordata,Reptilia,Sauropsida,Squamata,Viperidae,Crotalus,Crotalus polystictus,Crotalus polystictus,33,0,0,-,5,0,0,1,0,0,0,-,38,5,33,7,-,-1,-1,-1,-1,2.254759363,-1,-1,-1,-1,-1,-1,-1,68.4,-1,0.174077656
3372,Animalia,Chordata,Reptilia,Sauropsida,Squamata,Tropiduridae,Plica,Plica plica,Collared tree lizard,33,1,0.03030303,-,1,1,0.03030303,1,0,0,0,-,33,1,33,2,-,-1,-1,-1,-1,1,2.655,-1,-1,2.89,-1,69.825,-1,-1,-1,0.174077656
2958,Animalia,Chordata,Aves,Sauropsida,Psittaciformes,Psittacidae,Neophema,Neophema splendida,Neophema splendida,33,1,0.03030303,-,1,1,0.03030303,1,0,0,0,-,33,1,33,7,-,-1,-1,-1,-1,5.538005454,-1,-1,-1,-1,-1,38.6,-1,168,-1,0.174077656
2296,Animalia,Chordata,Reptilia,Sauropsida,Squamata,Colubridae,Hydrodynastes,Hydrodynastes gigas,Boipevassu cobra,33,1,0.03030303,-,6,1,0.03030303,0.5,0,0,0.5,-,38,6,33,8,-,-1,-1,-1,-1,6.685163726,10,-1,-1,-1,-1,-1,-1,202.8,-1,0.174077656
3670,Animalia,Chordata,Amphibia,Amphibia,Anura,Bufonidae,Rhinella,Rhinella marina,Cane toad,33,2,0.060606061,-,2,2,0.060606061,1,0,0,0,-,33,2,33,21,-,11.99868508,11.99868508,-1,-1,36.5,10000,-1,-1,-1,-1,106.25,-1,297.6,-1,0.174077656
2159,Animalia,Chordata,Reptilia,Sauropsida,Squamata,Helodermatidae,Heloderma,Heloderma horridum,Mexican beaded lizard,33,4,0.121212121,-,4,4,0.121212121,1,0,0,0,-,33,4,33,15,-,-1,-1,-1,-1,13.60767054,7.9,-1,-1,30,-1,1244.15,-1,412.8,-1,0.174077656
301,Animalia,Chordata,Aves,Sauropsida,Anseriformes,Anatidae,Anas,Anas platyrhynchos,Aylesbury duck,33,7,0.212121212,-,6,4,0.121212121,0.666666667,2,0.060606061,0.333333333,-,33,7,33,16,-,11.99868508,11.99868508,0.854700855,-1,36.5,10.515,-1,-1,32.8,-1,1048.1,0.12,349.2,-1,0.174077656
2470,Animalia,Chordata,Reptilia,Sauropsida,Squamata,Colubridae,Lampropeltis,Lampropeltis getula,King snake,33,11,0.333333333,-,21,11,0.333333333,0.904761905,0,0,0.095238095,-,43,21,33,21,-,35.99605523,35.99605523,2.005259698,-1,109.5,11,-1,-1,-1,-1,2041,-1,399.6,-1,0.174077656
1639,Animalia,Chordata,Mammalia,Mammalia,Rodentia,Dasyproctidae,Dasyprocta,Dasyprocta punctata,Red-rumped agouti,32,5,0.15625,-,5,4,0.125,0.8,1,0.03125,0.2,-,32,5,32,15,-,16.00920447,-1,3.681788297,4.602235371,4.602235371,1.25,1.87,4.17,227,-1,2150,-1,165.6,-1,0.176776695
1245,Animalia,Chordata,Reptilia,Sauropsida,Squamata,Agamidae,Chlamydosaurus,Chlamydosaurus kingii,Frilled dragon,32,0,0,-,0,0,0,NA,0,0,NA,-,32,0,32,9,-,-1,-1,-1,-1,3.916160999,10,1.4,-1,1.64,-1,449.125,-1,118.8,-1,0.176776695
2722,Animalia,Chordata,Mammalia,Mammalia,Primates,Cercopithecidae,Mandrillus,Mandrillus sphinx,Mandrill,32,8,0.25,-,8,5,0.15625,0.625,3,0.09375,0.375,-,32,8,32,12,-,38.98750822,69.76035503,5.687047995,11.63708087,11.63708087,1.02,0.8,17.49,613,3000,23000,-1,480,-1,0.176776695
10572,Animalia,Chordata,Aves,Sauropsida,Passeriformes,Ploceidae,Ploceus,Ploceus cucullatus,Village weaver,32,0,0,-,0,0,0,NA,0,0,NA,-,32,0,32,1,-,-1,-1,-1,-1,9.493723635,2.55,-1,-1,-1,-1,36.2,-1,288,-1,0.176776695
4051,Animalia,Chordata,Aves,Sauropsida,Podicipediformes,Podicipedidae,Podilymbus,Taeniopygia bichenovii,Double_barred finch,32,1,0.03125,-,1,0,0,0,1,0.03125,1,-,32,1,32,5,-,-1,-1,-1,-1,1,4.5,-1,-1,-1,-1,9.5,-1,-1,-1,0.176776695
140,Animalia,Chordata,Aves,Sauropsida,Anseriformes,Anatidae,Aix,Aix galericulata,Mandarin duck,32,1,0.03125,-,6,1,0.03125,1,0,0,0,-,37,6,32,7,-,11.94832347,-1,0.953320184,-1,363.468,10.5,-1,-1,-1,-1,570,-1,124.8,-1,0.176776695
2391,Animalia,Chordata,Reptilia,Sauropsida,Squamata,Iguanidae,Iguana,Iguana iguana,Green iguana,32,1,0.03125,-,1,0,0,0,1,0.03125,1,-,32,1,32,11,-,53.91190007,53.91190007,-1,-1,164,35,-1,-1,16.175,-1,1530,-1,237.6,-1,0.176776695
4156,Animalia,Chordata,Amphibia,Amphibia,Anura,Rhacophoridae,Theloderma,Theloderma corticale,Tonkin bug-eyed frog,32,1,0.03125,-,1,1,0.03125,1,0,0,0,-,32,1,32,11,-,-1,-1,-1,-1,-1,-1,-1,-1,-1,-1,-1,-1,-1,-1,0.176776695
680,Animalia,Chordata,Reptilia,Sauropsida,Squamata,Viperidae,Bitis,Bitis nasicornis,Rhinoceros viper,32,3,0.09375,-,3,3,0.09375,1,0,0,0,-,32,3,32,15,-,-1,-1,-1,-1,3.71837509,-1,-1,-1,-1,-1,717,-1,112.8,-1,0.176776695
4438,Animalia,Chordata,Reptilia,Sauropsida,Squamata,Varanidae,Varanus,Varanus beccarii,Varanus beccarii,31,8,0.258064516,-,8,5,0.161290323,0.625,3,0.096774194,0.375,-,31,8,31,7,-,-1,-1,-1,-1,5.617119817,4.1,0.9,-1,9.2,-1,237.5,-1,170.4,-1,0.179605302
1647,Animalia,Chordata,Mammalia,Mammalia,Cetacea,Delphinidae,Delphinus,Delphinus delphis,Common dolphin,31,0,0,-,0,0,0,NA,0,0,NA,-,31,0,31,1,-,57.65943458,52.03813281,9.894806049,11.34122288,11.34122288,0.98,0.4,18.01,7000,40000,80000,-1,240,-1,0.179605302
2624,Animalia,Chordata,Aves,Sauropsida,Anseriformes,Anatidae,Lophodytes,Lophodytes cucullatus,Hooded merganser,31,0,0,-,0,0,0,NA,0,0,NA,-,31,0,31,9,-,23.99737015,23.99737015,1.019066404,-1,73,11,-1,-1,31,-1,634.375,-1,188.4,-1,0.179605302
1860,Animalia,Chordata,Aves,Sauropsida,Passeriformes,Ploceidae,Euplectes,Euplectes nigroventris,Zanzibar bishop,31,1,0.032258065,-,0,0,0,NA,0,0,NA,-,31,1,31,6,-,-1,-1,-1,-1,1,3.1,-1,-1,-1,-1,21.1,-1,-1,-1,0.179605302
1723,Animalia,Chordata,Mammalia,Mammalia,Chiroptera,Pteropodidae,Eidolon,Eidolon helvum,Straw-colored fruit bat,31,1,0.032258065,-,1,1,0.032258065,1,0,0,0,-,31,1,31,7,-,-1,-1,9.040105194,2.136752137,2.136752137,1.08,-1,12,50,135,306.25,-1,261.6,-1,0.179605302
3194,Animalia,Chordata,Reptilia,Sauropsida,Galliformes,Phasianidae,Pavo,Pavo cristatus,Blue peafowl,31,1,0.032258065,-,1,0,0,0,1,0.032258065,1,-,31,1,31,10,-,23.99737015,23.99737015,0.953320184,-1,73,-1,-1,-1,120,-1,4200,0.03,278.4,-1,0.179605302
347,Animalia,Chordata,Aves,Sauropsida,Psittaciformes,Psittacidae,Anodorhynchus,Anodorhynchus hyacinthinus,Hyacinth macaw,31,3,0.096774194,-,3,1,0.032258065,0.333333333,2,0.064516129,0.666666667,-,31,3,31,11,-,-1,-1,-1,-1,15.34818654,2.2,-1,-1,-1,-1,1330,-1,465.6,-1,0.179605302
3340,Animalia,Chordata,Aves,Sauropsida,Pelecaniformes,Threskiornithidae,Platalea,Platalea ajaja,Ajaia ajaja,31,9,0.290322581,-,9,0,0,0,9,0.290322581,1,-,31,9,31,10,-,35.99605523,35.99605523,0.756081525,-1,109.5,-1,-1,-1,50,-1,1036.97,-1,336,-1,0.179605302
1386,Animalia,Chordata,Aves,Sauropsida,Galliformes,Odontophoridae,Colinus,Colinus virginianus,Northern bobwhite,30,3,0.1,-,3,3,0.1,1,0,0,0,-,30,3,30,8,-,11.99868508,11.99868508,0.756081525,-1,36.5,15,1.5,-1,-1,-1,194,-1,76.8,-1,0.182574186
3231,Animalia,Chordata,Mammalia,Mammalia,Diprotodontia,Petauridae,Petaurus,Petaurus breviceps,Pygmy sugar glider,30,12,0.4,-,13,9,0.3,0.769230769,3,0.1,0.230769231,-,31,13,30,18,-,7.758053912,14.99013807,0.525969757,4.010519395,4.010519395,1.82,1.3,10.22,0.194,25,110,0.0188,213.6,91.08,0.182574186
3101,Animalia,Chordata,Mammalia,Mammalia,Artiodactyla,Bovidae,Ovis,Ovis canadensis,Big horn sheep,30,2,0.066666667,-,1,0,0,0,1,0.033333333,1,-,30,2,30,7,-,23.24128863,24.62195924,5.917159763,4.996712689,4.996712689,1.16,1.1,12,4400,28000,70275,0.0031,247.2,22100,0.182574186
90,Animalia,Chordata,Mammalia,Mammalia,Artiodactyla,Bovidae,Addax,Addax nasomaculatus,Addax,30,5,0.166666667,-,5,4,0.133333333,0.8,1,0.033333333,0.2,-,30,5,30,9,-,35.00986193,-1,9.270216963,6.50887574,6.50887574,-1,1.1,11.67,5600,-1,92500,-1,336,-1,0.182574186
2004,Animalia,Chordata,Mammalia,Mammalia,Artiodactyla,Giraffidae,Giraffa,Giraffa camelopardalis,Baringo giraffe,30,3,0.1,-,8,2,0.066666667,0.875,1,0.033333333,0.125,-,35,8,30,16,-,42.01183432,54.0433925,15.02301118,4.996712689,4.996712689,1.29,0.5,20.38,58500,-1,800000,-1,474,-1,0.182574186
1524,Animalia,Chordata,Reptilia,Sauropsida,Squamata,Viperidae,Crotalus,Crotalus durissus,Tropical rattlesnake,30,5,0.166666667,-,5,4,0.133333333,0.8,1,0.033333333,0.2,-,30,5,30,8,-,35.99605523,35.99605523,3.944773176,-1,109.5,-1,0.4165,-1,14,-1,1150,-1,237.6,-1,0.182574186
810,Animalia,Chordata,Aves,Sauropsida,Pelecaniformes,Ardeidae,Bubulcus,Bubulcus ibis,Cattle egret,30,0,0,-,0,0,0,NA,0,0,NA,-,30,0,30,12,-,23.99737015,23.99737015,0.723208416,-1,73,4.25,-1,-1,19.1,-1,390,0.22,276,-1,0.182574186
3004,Animalia,Chordata,Amphibia,Amphibia,Caudata,Salamandridae,Notophthalmus,Notophthalmus perstriatus,Striped newt,30,0,0,-,0,0,0,NA,0,0,NA,-,30,0,30,3,-,16.00920447,16.00920447,-1,-1,48.7,-1,-1,-1,-1,-1,-1,-1,154.8,-1,0.182574186
2914,Animalia,Chordata,Reptilia,Sauropsida,Squamata,Elapidae,Naja,Naja annulifera,Egyptian snouted cobra,29,0,0,-,0,0,0,NA,0,0,NA,-,29,0,29,2,-,-1,0.30243261,0.726495726,-1,9.2,-1,-1,-1,-1,-1,-1,-1,271.82,-1,0.185695338
1828,Animalia,Chordata,Mammalia,Mammalia,Artiodactyla,Bovidae,Eudorcas,Eudorcas thomsonii,Thompsons gazelle,29,6,0.206896552,-,6,4,0.137931034,0.666666667,2,0.068965517,0.333333333,-,29,6,29,11,-,11.99868508,13.75345168,5.588428665,3.353057199,3.353057199,-1,1.5,6.25,2600,-1,25000,-1,240,-1,0.185695338
1606,Animalia,Chordata,Aves,Sauropsida,Anseriformes,Anatidae,Cygnus,Cygnus cygnus,Whooper swan,29,0,0,-,0,0,0,NA,0,0,NA,-,29,0,29,13,-,24.01380671,24.01380671,-1,-1,73.05,5.517206478,-1,-1,-1,-1,4275,-1,360,-1,0.185695338
1419,Animalia,Chordata,Aves,Sauropsida,Coraciiformes,Coraciidae,Coracias,Coracias cyanogaster,Blue-bellied roller,29,1,0.034482759,-,1,0,0,0,1,0.034482759,1,-,29,1,29,14,-,-1,-1,-1,-1,1,-1,-1,-1,-1,-1,143,-1,-1,-1,0.185695338
2313,Animalia,Chordata,Amphibia,Amphibia,Anura,Hylidae,Dryophytes,Dryophytes versicolor,Gray treefrog,29,1,0.034482759,-,1,1,0.034482759,1,0,0,0,-,29,1,29,11,-,23.99737015,23.99737015,-1,-1,73,1800,-1,-1,-1,-1,7.2,-1,93.6,-1,0.185695338
4052,Animalia,Chordata,Aves,Sauropsida,Passeriformes,Estrildidae,Taeniopygia,Taeniopygia guttata,Timor zebra finch,29,1,0.034482759,-,1,0,0,0,1,0.034482759,1,-,29,1,29,7,-,1.972386588,1.972386588,-1,-1,6,4.5,-1,-1,0.58,-1,12,-1,144,-1,0.185695338
1830,Animalia,Chordata,Aves,Sauropsida,Sphenisciformes,Spheniscidae,Eudyptes,Eudyptes chrysocome,Rockhopper penguin,29,2,0.068965517,-,2,2,0.068965517,1,0,0,0,-,29,2,29,5,-,-1,-1,-1,-1,1,-1,-1,-1,-1,-1,2470,-1,-1,-1,0.185695338
1543,Animalia,Chordata,Reptilia,Sauropsida,Squamata,Crotaphytidae,Crotaphytus,Crotaphytus collaris,Eastern collared lizard,28,1,0.035714286,-,1,1,0.035714286,1,0,0,0,-,28,1,28,10,-,-1,-1,-1,-1,1,-1,1.5,-1,0.86,-1,29.525,-1,-1,-1,0.188982237
4379,Animalia,Chordata,Aves,Sauropsida,Passeriformes,Estrildidae,Uraeginthus,Uraeginthus bengalus,Red cheeked cordon bleu,28,0,0,-,0,0,0,NA,0,0,NA,-,28,0,28,6,-,-1,-1,-1,-1,1,4.7,-1,-1,-1,-1,9.9,-1,-1,-1,0.188982237
2041,Animalia,Chordata,Aves,Sauropsida,Columbiformes,Columbidae,Goura,Goura victoria,Victoria crowned pigeon,28,0,0,-,0,0,0,NA,0,0,NA,-,28,0,28,10,-,-1,-1,-1,-1,1,-1,-1,-1,-1,-1,2192,-1,-1,-1,0.188982237
8225,Animalia,Chordata,Aves,Sauropsida,Pelecaniformes,Ardeidae,Egretta,Egretta garzetta,Little egret,28,0,0,-,0,0,0,NA,0,0,NA,-,28,0,28,1,-,11.99868508,11.99868508,-1,-1,36.5,-1,-1,-1,-1,-1,312,0.248,267.6,-1,0.188982237
2551,Animalia,Chordata,Amphibia,Amphibia,Anura,Leptodactylidae,Leptodactylus,Leptodactylus pentadactylus,Smoky jungle frog,28,2,0.071428571,-,1,0,0,0,1,0.035714286,1,-,28,2,28,10,-,-1,-1,-1,-1,7.436750181,-1,-1,-1,-1,-1,-1,-1,225.6,-1,0.188982237
119,Animalia,Chordata,Aves,Sauropsida,Psittaciformes,Psittacidae,Agapornis,Agapornis fischeri,Fischer's lovebird,28,4,0.142857143,-,4,2,0.071428571,0.5,2,0.071428571,0.5,-,28,4,28,4,-,-1,-1,-1,-1,4.984204908,5.5,-1,-1,-1,-1,48.3,-1,151.2,-1,0.188982237
2032,Animalia,Chordata,Reptilia,Sauropsida,Testudines,Testudinidae,Gopherus,Gopherus agassizii,Agassiz's desert tortoise,27,0,0,-,0,0,0,NA,0,0,NA,-,27,0,27,9,-,180.8021039,180.8021039,3.879026956,3.879026956,3.879026956,5.5,-1,4575,-1,32.9,-1,-1,753.6,-1,0.19245009
3078,Animalia,Chordata,Mammalia,Mammalia,Artiodactyla,Bovidae,Oryx,Oryx leucoryx,Arabian oryx,27,2,0.074074074,-,7,1,0.037037037,0.142857143,1,0.037037037,0.857142857,-,32,7,27,8,-,26.10124918,18.08021039,7.98816568,4.503616042,4.503616042,-1,1.33,0.607200548,3850,-1,121350,-1,249.6,-1,0.19245009
3333,Animalia,Chordata,Mammalia,Mammalia,Primates,Pitheciidae,Pithecia,Pithecia pithecia,White-faced saki monkey,27,0,0,-,0,0,0,NA,0,0,NA,-,27,0,27,15,-,25.47666009,47.9947403,5.193951348,4.010519395,4.010519395,1.01,0.99,10.49,-1,-1,1480,-1,432,-1,0.19245009
4380,Animalia,Chordata,Aves,Sauropsida,Passeriformes,Estrildidae,Uraeginthus,Uraeginthus cyanocephalus,Blue_capped cordonbleu,27,0,0,-,0,0,0,NA,0,0,NA,-,27,0,27,6,-,-1,-1,-1,-1,1,4.95,-1,-1,-1,-1,9.775,-1,-1,-1,0.19245009
3575,Animalia,Chordata,Aves,Sauropsida,Columbiformes,Columbidae,Ptilinopus,Ptilinopus melanospilus,Black naped fruit dove,27,0,0,-,0,0,0,NA,0,0,NA,-,27,0,27,9,-,-1,-1,-1,-1,1,-1,-1,-1,-1,-1,92,-1,-1,-1,0.19245009
1083,Animalia,Chordata,Amphibia,Amphibia,Anura,Ceratophryidae,Ceratophrys,Ceratophrys ornata,Bell'shorned frog,27,0,0,-,5,0,0,0,0,0,1,-,32,5,27,17,-,-1,-1,-1,-1,5.814905726,-1,-1,-1,-1,-1,-1,-1,176.4,-1,0.19245009
4478,Animalia,Chordata,Aves,Sauropsida,Psittaciformes,Psittacidae,Vini,Vini australis,Blue crowned lory,27,0,0,-,0,0,0,NA,0,0,NA,-,27,0,27,3,-,-1,-1,-1,-1,5.379776726,-1,-1,-1,-1,-1,-1,-1,163.2,-1,0.19245009
1519,Animalia,Chordata,Reptilia,Sauropsida,Squamata,Viperidae,Crotalus,Crotalus atrox,Western diamond back rattlesnake,27,1,0.037037037,-,1,1,0.037037037,1,0,0,0,-,27,1,27,12,-,35.99605523,35.99605523,5.489809336,-1,109.5,14,-1,-1,-1,-1,6700,-1,324,-1,0.19245009
3387,Animalia,Chordata,Aves,Sauropsida,Caprimulgiformes,Podargidae,Podargus,Podargus strigoides,Tawny frogmouth,27,2,0.074074074,-,2,2,0.074074074,1,0,0,0,-,27,2,27,15,-,-1,-1,-1,-1,1,1.89,-1,-1,-1,-1,349,-1,-1,-1,0.19245009
3907,Animalia,Chordata,Aves,Sauropsida,Anseriformes,Anatidae,Spatula,Spatula hottentota,Hottentot teal,27,2,0.074074074,-,2,2,0.074074074,1,0,0,0,-,27,2,27,9,-,-1,-1,-1,-1,-1,-1,-1,-1,-1,-1,-1,-1,-1,-1,0.19245009
4422,Animalia,Chordata,Mammalia,Mammalia,Carnivora,Ursidae,Ursus,Ursus maritimus,Polar bear,26,8,0.307692308,-,8,5,0.192307692,0.625,3,0.115384615,0.375,-,26,8,26,13,-,57.00197239,57.00197239,2.136752137,9.960552268,9.960552268,1.66,0.4,24.65,665,27000,475000,0.0022,525.6,44346,0.196116135
3127,Animalia,Chordata,Mammalia,Mammalia,Primates,Hominidae,Pan,Pan troglodytes,Chimpanzee,26,10,0.384615385,-,11,2,0.076923077,0.181818182,7,0.269230769,0.818181818,-,28,12,26,10,-,110.9796187,95.9894806,7.527942143,36.52202498,36.52202498,1.05,0.2,27.61,1821,8500,44983.5,0.0007,712.8,9000,0.196116135
19344,Animalia,Tetrapoda,Amphibia,Amphibia,Anura,Alytidae,Alytes,Alytes cisternasii,Iberian midwife toad,26,0,0,-,0,0,0,NA,0,0,NA,-,26,0,26,1,-,-1,-1,-1,-1,-1,-1,-1,-1,-1,-1,-1,-1,-1,-1,0.196116135
4165,Animalia,Chordata,Aves,Sauropsida,Passeriformes,Thraupidae,Thraupis,Thraupis episcopus,Blue gray tanager,26,1,0.038461538,-,1,0,0,0,1,0.038461538,1,-,26,1,26,14,-,-1,-1,0.427350427,-1,3.757932272,-1,-1,-1,-1,-1,35,0.37,114,-1,0.196116135
1526,Animalia,Chordata,Reptilia,Sauropsida,Squamata,Viperidae,Crotalus,Crotalus horridus,Timber rattlesnake,26,4,0.153846154,-,4,3,0.115384615,0.75,1,0.038461538,0.25,-,26,4,26,10,-,83.99079553,59.99342538,4.437869822,4.969838922,4.969838922,8.5,-1,1825,-1,-1,700,-1,362.4,-1,0.196116135
3020,Animalia,Chordata,Mammalia,Mammalia,Rodentia,Octodontidae,Octodon,Octodon degus,Degu,25,4,0.16,-,31,4,0.16,0.806451613,0,0,0.193548387,-,52,31,25,12,-,5.982905983,5.982905983,2.958579882,1.183431953,1.183431953,5.31,1.8,-1,14,71.2,235,0.0323,168,177.25,0.2
893,Animalia,Chordata,Aves,Sauropsida,Galliformes,Odontophoridae,Callipepla,Callipepla gambelii,Gambel's quail,25,1,0.04,-,1,0,0,0,1,0.04,1,-,25,1,25,6,-,11.99868508,11.99868508,0.723208416,-1,36.5,11,1.25,-1,-1,-1,166,-1,88.8,-1,0.2
98,Animalia,Chordata,Mammalia,Mammalia,Artiodactyla,Bovidae,Aepyceros,Aepyceros melampus,Impala,25,2,0.08,-,2,2,0.08,1,0,0,0,-,25,2,25,3,-,14.99013807,12.98487837,6.50887574,5.489809336,5.489809336,0.98,1.1,12,5550,15900,52500,0.0043,307.2,-1,0.2
2684,Animalia,Chordata,Mammalia,Mammalia,Primates,Cercopithecidae,Macaca,Macaca nigra,Sulawesi crested macaque,25,1,0.04,-,1,0,0,0,1,0.04,1,-,25,1,25,3,-,48.9809336,65.23701512,5.785667324,11.99868508,11.99868508,1.01,0.7,17.75,461,-1,7965,-1,408,-1,0.2
1984,Animalia,Chordata,Aves,Sauropsida,Columbiformes,Columbidae,Geopelia,Geopelia cuneata,Diamond dove,25,1,0.04,-,1,1,0.04,1,0,0,0,-,25,1,25,8,-,-1,-1,-1,-1,1,-1,-1,-1,-1,-1,31.55,-1,-1,-1,0.2
2867,Animalia,Chordata,Reptilia,Sauropsida,Squamata,Pythonidae,Simalia,Simalia boeleni,Boelens python,25,1,0.04,-,1,1,0.04,1,0,0,0,-,25,1,25,6,-,-1,-1,-1,-1,7.950993544,-1,-1,-1,-1,-1,-1,-1,241.2,-1,0.2
737,Animalia,Chordata,Reptilia,Sauropsida,Squamata,Viperidae,Bothriechis,Bothriechis schlegelii,Bothriechis schlegelii,25,2,0.08,-,7,2,0.08,0.285714286,0,0,0.714285714,-,30,7,25,13,-,-1,-1,-1,-1,7.713650453,-1,-1,-1,-1,-1,-1,-1,234,-1,0.2
4180,Animalia,Chordata,Reptilia,Sauropsida,Squamata,Scincidae,Tiliqua,Tiliqua scincoides,Eastern blue tongued skink,25,6,0.24,-,6,4,0.16,0.666666667,2,0.08,0.333333333,-,25,6,25,14,-,-1,-1,4,16.3182117,16.3182117,10,-1,-1,14,-1,493,-1,319.2,-1,0.2
3335,Animalia,Chordata,Reptilia,Sauropsida,Squamata,Colubridae,Pituophis,Pituophis catenifer,Albino bull snake,25,9,0.36,-,9,8,0.32,0.888888889,1,0.04,0.111111111,-,25,9,25,11,-,-1,-1,-1,-1,13.37032745,5.5,-1,-1,-1,-1,7275.5,-1,405.6,-1,0.2
3413,Animalia,Chordata,Aves,Sauropsida,Falconiformes,Falconidae,Polihierax,Polihierax semitorquatus,African pygmy falcon,24,1,0.041666667,-,6,1,0.041666667,1,0,0,0,-,29,6,24,10,-,11.97761341,12.00690335,-1,-1,36.48045,-1,1.75,-1,-1,-1,61.025,-1,240,-1,0.204124145
573,Animalia,Chordata,Aves,Sauropsida,Strigiformes,Strigidae,Athene,Athene cunicularia,Burrowing owl,24,5,0.208333333,-,6,4,0.166666667,0.833333333,1,0.041666667,0.166666667,-,25,6,24,12,-,11.99868508,11.99868508,0.920447074,-1,36.5,-1,1.5,-1,8.9,-1,150,-1,132,-1,0.204124145
1657,Animalia,Chordata,Mammalia,Mammalia,Diprotodontia,Macropodidae,Dendrolagus,Dendrolagus goodfellowi,Goodfellows tree kangaroo,24,2,0.083333333,-,2,1,0.041666667,0.5,1,0.041666667,0.5,-,24,2,24,11,-,29.48980934,-1,1.479289941,11.83431953,11.83431953,-1,1.03,1.122518823,-1,-1,7400,-1,283.2,-1,0.204124145
4092,Animalia,Chordata,Aves,Sauropsida,Musophagiformes,Musophagidae,Tauraco,Tauraco erythrolophus,Red crested turaco,24,0,0,-,0,0,0,NA,0,0,NA,-,24,0,24,3,-,-1,-1,-1,-1,1,-1,-1,-1,-1,-1,267.5,-1,-1,-1,0.204124145
1210,Animalia,Chordata,Reptilia,Sauropsida,Testudines,Chelidae,Chelus,Chelus fimbriatus,Mata mata,24,0,0,-,1,0,0,0,0,0,1,-,25,1,24,17,-,-1,-1,-1,-1,14.16147109,12,-1,-1,-1,-1,4407,-1,429.6,-1,0.204124145
1360,Animalia,Chordata,Reptilia,Sauropsida,Squamata,Teiidae,Cnemidophorus,Cnemidophorus uniparens,Cnemidophorus uniparens,24,0,0,-,0,0,0,NA,0,0,NA,-,24,0,24,2,-,-1,-1,-1,-1,-1,-1,-1,-1,-1,-1,-1,-1,-1,-1,0.204124145
2487,Animalia,Chordata,Reptilia,Sauropsida,Squamata,Colubridae,Langaha,Langaha madagascariensis,Madagascar leaf-nosed snake,24,0,0,-,0,0,0,NA,0,0,NA,-,24,0,24,4,-,-1,-1,-1,-1,-1,-1,-1,-1,-1,-1,-1,-1,-1,-1,0.204124145
2858,Animalia,Chordata,Aves,Sauropsida,Coraciiformes,Momotidae,Momotus,Momotus momota,Blue-crowned mot mot,24,1,0.041666667,-,1,1,0.041666667,1,0,0,0,-,24,1,24,16,-,-1,-1,0.690335306,-1,8.030107908,3.5,-1,-1,-1,-1,133,-1,243.6,-1,0.204124145
1175,Animalia,Chordata,Reptilia,Sauropsida,Squamata,Boidae,Lichanura,Lichanura trivirgata,Rosy boa,24,4,0.166666667,-,4,2,0.083333333,0.5,2,0.083333333,0.5,-,24,4,24,13,-,-1,-1,-1,-1,-1,-1,-1,-1,-1,-1,-1,-1,-1,-1,0.204124145
3615,Animalia,Chordata,Reptilia,Sauropsida,Squamata,Pythonidae,Python,Python bivittatus,Indian rock python,24,8,0.333333333,-,13,5,0.208333333,0.769230769,3,0.125,0.230769231,-,29,13,24,16,-,35.99605523,35.99605523,3.001972387,-1,109.5,27.5,-1,-1,111.2,-1,17100,-1,410.4,-1,0.204124145
2550,Animalia,Chordata,Amphibia,Amphibia,Anura,Leptodactylidae,Leptodactylus,Leptodactylus fallax,Dominican mountain chicken frog,24,11,0.458333333,-,10,8,0.333333333,0.8,2,0.083333333,0.2,-,24,11,24,5,-,-1,-1,-1,-1,-1,-1,-1,-1,-1,-1,-1,-1,-1,-1,0.204124145
3725,Animalia,Chordata,Reptilia,Sauropsida,Squamata,Boidae,Sanzinia,Sanzinia madagascariensis,Madagscar tree boa,23,4,0.173913043,-,4,3,0.130434783,0.75,1,0.043478261,0.25,-,23,4,23,10,-,-1,0.378040763,0.716633794,-1,11.5,-1,-1,-1,-1,-1,-1,-1,261.6,-1,0.208514414
2835,Animalia,Chordata,Mammalia,Mammalia,Rodentia,Muridae,Micromys,Micromys minutus,Harvest mouse,23,3,0.130434783,-,12,2,0.086956522,1,0,0,0,-,33,13,23,4,-,1.314924392,1.216305062,0.657462196,0.591715976,0.591715976,5.2,2.6,0.69,0.9,-1,7.18,-1,45.6,21.07,0.208514414
3593,Animalia,Chordata,Mammalia,Mammalia,Carnivora,Felidae,Panthera,Puma concolor,Mountain lion,23,7,0.304347826,-,7,6,0.260869565,0.857142857,1,0.043478261,0.142857143,-,23,7,23,12,-,29.98027613,29.98027613,3.024326101,2.958579882,2.958579882,2.5,0.45,25.84,400,3500,63000,0.0061,285.6,13300.8,0.208514414
3635,Animalia,Chordata,Aves,Sauropsida,Passeriformes,Thraupidae,Ramphocelus,Ramphocelus carbo,Silver_beaked tanager,23,0,0,-,0,0,0,NA,0,0,NA,-,23,0,23,10,-,-1,-1,-1,-1,1,-1,-1,-1,-1,-1,27.6875,-1,-1,-1,0.208514414
3304,Animalia,Chordata,Mammalia,Mammalia,Chiroptera,Phyllostomidae,Phyllostomus,Phyllostomus discolor,Pale spear-nosed bat,23,0,0,-,0,0,0,NA,0,0,NA,-,23,0,23,2,-,-1,-1,3.451676529,-1,1,0.99,-1,-1,7.29,-1,43.4,-1,-1,34.5,0.208514414
2486,Animalia,Chordata,Aves,Sauropsida,Passeriformes,Sturnidae,Lamprotornis,Lamprotornis splendidus,Splendid glossy_starling,23,0,0,-,0,0,0,NA,0,0,NA,-,23,0,23,10,-,-1,-1,-1,-1,1,3.75,-1,-1,-1,-1,64.9,-1,-1,-1,0.208514414
780,Animalia,Chordata,Aves,Sauropsida,Anseriformes,Anatidae,Branta,Branta ruficollis,Red-breasted goose,23,0,0,-,0,0,0,NA,0,0,NA,-,23,0,23,10,-,-1,-1,-1,-1,1,5.5,-1,-1,-1,-1,1242,-1,-1,-1,0.208514414
2706,Animalia,Chordata,Mammalia,Mammalia,Chiroptera,Phyllostomidae,Macrotus,Macrotus californicus,California leaf-nosed bat,23,0,0,-,0,0,0,NA,0,0,NA,-,23,0,23,3,-,3.944773176,7.101577909,8.875739645,1.000657462,1.000657462,-1,-1,-1,2.52,-1,11.6,-1,204,14.62,0.208514414
3687,Animalia,Chordata,Aves,Sauropsida,Psittaciformes,Psittacidae,Rhynchopsitta,Rhynchopsitta pachyrhyncha,Thick-billed parrot,23,0,0,-,0,0,0,NA,0,0,NA,-,23,0,23,8,-,23.99737015,23.99737015,0.854700855,-1,73,2.925,-1,-1,-1,-1,360,-1,396,-1,0.208514414
412,Animalia,Chordata,Aves,Sauropsida,Gruiformes,Rallidae,Anurolimnas,Anurolimnas fasciatus,Black_banded crake,23,0,0,-,0,0,0,NA,0,0,NA,-,23,0,23,7,-,-1,-1,-1,-1,-1,-1,-1,-1,-1,-1,-1,-1,-1,-1,0.208514414
2785,Animalia,Chordata,Amphibia,Amphibia,Anura,Megophryidae,Megophrys,Megophrys nasuta,Asian horned frog,23,0,0,-,0,0,0,NA,0,0,NA,-,23,0,23,5,-,-1,-1,-1,-1,-1,-1,-1,-1,-1,-1,-1,-1,-1,-1,0.208514414
4261,Animalia,Chordata,Reptilia,Sauropsida,Squamata,Scincidae,Tribolonotus,Tribolonotus pseudoponceleti,False poncelet's helmet skink,23,0,0,-,0,0,0,NA,0,0,NA,-,23,0,23,7,-,-1,-1,-1,-1,-1,-1,-1,-1,-1,-1,-1,-1,-1,-1,0.208514414
2985,Animalia,Chordata,Aves,Sauropsida,Anseriformes,Anatidae,Nettapus,Nettapus auritus,African pygmy goose,23,1,0.043478261,-,1,1,0.043478261,1,0,0,0,-,23,1,23,7,-,-1,-1,-1,-1,1,-1,-1,-1,16.4,-1,272.5,-1,-1,-1,0.208514414
282,Animalia,Chordata,Aves,Sauropsida,Anseriformes,Anatidae,Anas,Anas acuta,Northern pintail,23,1,0.043478261,-,11,1,0.043478261,0.545454545,0,0,0.454545455,-,33,11,23,13,-,7.889546351,7.889546351,0.723208416,-1,24,7.5,-1,-1,26,-1,721,-1,328.8,-1,0.208514414
4463,Animalia,Chordata,Reptilia,Sauropsida,Squamata,Varanidae,Varanus,Varanus salvadorii,Varanus salvadorii,23,1,0.043478261,-,0,0,0,NA,0,0,NA,-,23,1,23,11,-,-1,-1,3.502301118,-1,7.911436362,7.14,-1,-1,55,-1,51500,-1,240,-1,0.208514414
1991,Animalia,Chordata,Amphibia,Amphibia,Gymnophiona,Dermophiidae,Geotrypetes,Geotrypetes seraphini,Gaboon caecilian,23,1,0.043478261,-,1,0,0,0,1,0.043478261,1,-,23,1,23,2,-,-1,-1,-1,-1,-1,-1,-1,-1,-1,-1,-1,-1,-1,-1,0.208514414
3204,Animalia,Chordata,Aves,Sauropsida,Pelecaniformes,Pelecanidae,Pelecanus,Pelecanus occidentalis,Brown pelican,23,2,0.086956522,-,2,1,0.043478261,0.5,1,0.043478261,0.5,-,23,2,23,7,-,11.99868508,23.99737015,0.953320184,-1,54.75,2.6,-1,-1,63.5,-1,3115.8,0.112,516,-1,0.208514414
3124,Animalia,Chordata,Reptilia,Sauropsida,Crocodilia,Alligatoridae,Paleosuchus,Paleosuchus palpebrosus,Dwarf caimen,22,0,0,-,0,0,0,NA,0,0,NA,-,22,0,22,5,-,-1,0.491452991,0.792241946,-1,14.95,36.5,-1,-1,-1,-1,-1,-1,289.2,-1,0.213200716
1971,Animalia,Chordata,Mammalia,Mammalia,Artiodactyla,Bovidae,Gazella,Gazella spekei,Speke's gazelle,22,2,0.090909091,-,2,1,0.045454545,0.5,1,0.045454545,0.5,-,22,2,22,6,-,16.79815911,13.2547666,6.47600263,-1,45.7105,-1,1.46,6.74,1253.33,-1,20000,-1,152.04,-1,0.213200716
4505,Animalia,Chordata,Mammalia,Mammalia,Carnivora,Canidae,Vulpes,Vulpes zerda,Fennec fox,22,7,0.318181818,-,10,6,0.272727273,0.8,1,0.045454545,0.2,-,25,10,22,11,-,9.007232084,9.007232084,1.6765286,2.169625247,2.169625247,2.2,1.1,12,26.28,-1,1250,-1,195.6,467.97,0.213200716
3136,Animalia,Chordata,Mammalia,Mammalia,Carnivora,Felidae,Panthera,Panthera onca,Jaguar,22,10,0.454545455,-,12,9,0.409090909,0.916666667,1,0.045454545,0.083333333,-,24,12,22,14,-,23.99737015,23.99737015,3.25443787,4.142011834,4.142011834,1.96,0.5,12,820,5033.5,81150,0.0072,336,15861,0.213200716
9,Animalia,Chordata,Mammalia,Mammalia,Proboscidea,Elephantidae,Elephas,Elephas maximus,Asian elephant,22,9,0.409090909,-,17,1,0.045454545,0.647058824,1,0.045454545,0.352941176,-,37,24,22,3,-,108.0539119,108.0539119,21.17028271,18.01446417,18.01446417,1.41,0.2,37.51,107000,-1,3178000,-1,786,-1,0.213200716
1471,Animalia,Chordata,Aves,Sauropsida,Passeriformes,Muscicapidae,Cossypha,Cossypha polioptera,Grey_winged robin_chat,22,0,0,-,0,0,0,NA,0,0,NA,-,22,0,22,6,-,-1,-1,-1,-1,1,2.4,-1,-1,-1,-1,36.7,-1,-1,-1,0.213200716
2883,Animalia,Chordata,Aves,Sauropsida,Musophagiformes,Musophagidae,Musophaga,Musophaga violacea,Violet plaintain eater,22,0,0,-,0,0,0,NA,0,0,NA,-,22,0,22,10,-,-1,-1,-1,-1,1,-1,-1,-1,-1,-1,360,-1,-1,-1,0.213200716
1829,Animalia,Chordata,Aves,Sauropsida,Tinamiformes,Tinamidae,Eudromia,Eudromia elegans,Elegant crested tinamou,22,0,0,-,10,0,0,0,0,0,1,-,32,10,22,8,-,-1,-1,-1,-1,1,-1,-1,-1,-1,-1,678,-1,-1,-1,0.213200716
399,Animalia,Chordata,Aves,Sauropsida,Bucerotiformes,Bucerotidae,Anthracoceros,Anthracoceros malayanus,Black hornbill,22,0,0,-,0,0,0,NA,0,0,NA,-,22,0,22,1,-,-1,-1,-1,-1,1,2.4,-1,-1,-1,-1,1050,-1,-1,-1,0.213200716
3257,Animalia,Chordata,Reptilia,Sauropsida,Squamata,Gekkonidae,Phelsuma,Phelsuma standingi,Standings day gecko,22,0,0,-,0,0,0,NA,0,0,NA,-,22,0,22,11,-,-1,-1,-1,-1,3.797489454,-1,-1,-1,-1,-1,214.5,-1,115.2,-1,0.213200716
647,Animalia,Chordata,Reptilia,Sauropsida,Squamata,Corytophanidae,Basiliscus,Basiliscus plumifrons,Plumed basilik,22,0,0,-,0,0,0,NA,0,0,NA,-,22,0,22,11,-,-1,-1,-1,-1,5.142433636,11,-1,-1,-1,-1,66.2,-1,156,-1,0.213200716
2644,Animalia,Chordata,Aves,Sauropsida,Psittaciformes,Loriidae,Lorius,Lorius lory,Black capped lory,22,0,0,-,0,0,0,NA,0,0,NA,-,22,0,22,6,-,-1,-1,-1,-1,7.318078635,-1,-1,-1,-1,-1,177,-1,222,-1,0.213200716
1745,Animalia,Chordata,Reptilia,Sauropsida,Squamata,Anguidae,Elgaria,Elgaria kingii,Elgaria kingii,22,1,0.045454545,-,1,1,0.045454545,1,0,0,0,-,22,1,22,12,-,-1,-1,-1,-1,4.865533363,10.5,-1,-1,-1,-1,10,-1,147.6,-1,0.213200716
3695,Animalia,Chordata,Mammalia,Mammalia,Chiroptera,Pteropodidae,Rousettus,Rousettus lanosus,Long-haired rousette,22,1,0.045454545,-,1,1,0.045454545,1,0,0,0,-,22,1,22,3,-,-1,-1,-1,-1,7.397192999,-1,-1,-1,-1,-1,103,-1,224.4,-1,0.213200716
3196,Animalia,Chordata,Mammalia,Mammalia,Artiodactyla,Tayassuidae,Pecari,Pecari tajacu,Collared peccary,22,1,0.045454545,-,11,1,0.045454545,1,0,0,0,-,32,11,22,8,-,10.81525312,11.76857331,4.76660092,1.61078238,1.61078238,1.56,-1,5.1,700,4881,20200,-1,378,-1,0.213200716
1397,Animalia,Chordata,Aves,Sauropsida,Columbiformes,Columbidae,Columba,Columba hodgsonii,Speckled wood_pigeon,22,1,0.045454545,-,0,0,0,NA,0,0,NA,-,22,1,22,6,-,-1,-1,-1,-1,-1,-1,-1,-1,-1,-1,-1,-1,-1,-1,0.213200716
1660,Animalia,Chordata,Amphibia,Amphibia,Anura,Hylidae,Dendropsophus,Dendropsophus ebraccatus,Hourglass treefrog,22,1,0.045454545,-,1,0,0,0,1,0.045454545,1,-,22,1,22,5,-,-1,-1,-1,-1,-1,-1,-1,-1,-1,-1,-1,-1,-1,-1,0.213200716
2594,Animalia,Chordata,Amphibia,Amphibia,Anura,Ranidae,Lithobates,Lithobates pipiens,Northern leopard frog,22,2,0.090909091,-,2,1,0.045454545,0.5,1,0.045454545,0.5,-,22,2,22,8,-,23.99737015,11.99868508,-1,-1,54.75,4146,-1,-1,-1,-1,29.0222,-1,-1,-1,0.213200716
72,Animalia,Chordata,Reptilia,Sauropsida,Squamata,Boidae,Acrantophis,Acrantophis dumerili,Dumerils boa,22,4,0.181818182,-,4,2,0.090909091,0.5,2,0.090909091,0.5,-,22,4,22,14,-,-1,-1,-1,-1,10.28486727,-1,-1,-1,-1,-1,-1,-1,312,-1,0.213200716
3941,Animalia,Chordata,Reptilia,Sauropsida,Squamata,Colubridae,Pantherophis,Spilotes pullatus,Tiger rat snake,21,2,0.095238095,-,2,2,0.095238095,1,0,0,0,-,21,2,21,12,-,-1,0.511176857,0.575279421,-1,15.55,-1,-1,-1,-1,-1,-1,-1,210,-1,0.21821789
3765,Animalia,Chordata,Mammalia,Mammalia,Rodentia,Sciuridae,Sciurus,Sciurus carolinensis,Grey squirrel,21,0,0,-,11,0,0,0.454545455,0,0,0.545454545,-,32,11,21,4,-,11.27547666,13.18211703,1.446416831,2.169625247,2.169625247,2.98,1.83,-1,15,200,533,0.0234,283.2,391,0.21821789
4101,Animalia,Chordata,Mammalia,Mammalia,Artiodactyla,Bovidae,Taurotragus,Taurotragus derbianus,Giant eland,21,1,0.047619048,-,1,1,0.047619048,1,0,0,0,-,21,1,21,2,-,36.39053254,24.82412886,8.678500986,5.982905983,5.982905983,-1,1.14,0.926762491,30889.05,96495.55,680000,-1,243.6,-1,0.21821789
1787,Animalia,Chordata,Mammalia,Mammalia,Perissodactyla,Equidae,Equus,Equus grevyi,Grevys zebra,21,3,0.142857143,-,3,2,0.095238095,0.666666667,1,0.047619048,0.333333333,-,21,3,21,11,-,42.01183432,48.02761341,13.34648258,8.514135437,8.514135437,-1,0.5,18.9,40000,-1,384000,-1,372,-1,0.21821789
495,Animalia,Chordata,Aves,Sauropsida,Psittaciformes,Psittacidae,Aratinga,Aratinga solstitialis,Sun parakeet,21,0,0,-,0,0,0,NA,0,0,NA,-,21,0,21,11,-,-1,-1,-1,-1,1,-1,-1,-1,6.02,-1,110.965,-1,-1,-1,0.21821789
2077,Animalia,Chordata,Aves,Sauropsida,Cuculiformes,Crotophagidae,Guira,Guira guira,Guira cuckoo,21,0,0,-,0,0,0,NA,0,0,NA,-,21,0,21,8,-,-1,-1,-1,-1,1,8.25,-1,-1,-1,-1,138.5,-1,-1,-1,0.21821789
1878,Animalia,Chordata,Aves,Sauropsida,Gruiformes,Eurypygidae,Eurypyga,Eurypyga helias,Sun bittern,21,0,0,-,0,0,0,NA,0,0,NA,-,21,0,21,13,-,-1,-1,0.887573964,-1,5.933577272,-1,-1,-1,-1,-1,210,-1,180,-1,0.21821789
3252,Animalia,Chordata,Reptilia,Sauropsida,Squamata,Gekkonidae,Phelsuma,Phelsuma grandis,Madagascar giant day gecko,21,2,0.095238095,-,14,2,0.095238095,0.714285714,0,0,0.285714286,-,33,14,21,14,-,-1,-1,-1,-1,5.379776726,-1,-1,-1,-1,-1,20.7,-1,163.2,-1,0.21821789
3879,Animalia,Chordata,Reptilia,Sauropsida,Squamata,Viperidae,Sistrurus,Sistrurus miliarius,Pigmy rattlesnake,21,2,0.095238095,-,2,1,0.047619048,0.5,1,0.047619048,0.5,-,21,2,21,11,-,-1,-1,-1,-1,6.368706272,-1,-1,-1,-1,-1,196,-1,193.2,-1,0.21821789
125,Animalia,Chordata,Reptilia,Sauropsida,Squamata,Viperidae,Agkistrodon,Agkistrodon contortrix,Copperhead,21,2,0.095238095,-,2,1,0.047619048,0.5,1,0.047619048,0.5,-,21,2,21,11,-,23.99737015,23.99737015,3.533859303,-1,73,5.65,-1,-1,-1,-1,950,-1,357.6,-1,0.21821789
3665,Animalia,Chordata,Aves,Sauropsida,Rheiformes,Rheidae,Rhea,Rhea americana,Greater rhea,21,3,0.142857143,-,8,2,0.095238095,0.875,1,0.047619048,0.125,-,26,8,21,10,-,14.00394477,14.00394477,1.183431953,-1,42.6,23.71433333,-1,-1,-1,-1,23000,-1,600,-1,0.21821789
117,Animalia,Chordata,Reptilia,Sauropsida,Squamata,Agamidae,Agama,Agama agama,Red headed rock agama,20,0,0,-,0,0,0,NA,0,0,NA,-,20,0,20,6,-,-1,-1,3.28731098,0.042735043,0.042735043,-1,4.8,1.3,-1,-1,755,-1,-1,-1,0.223606798
11,Animalia,Chordata,Mammalia,Mammalia,Carnivora,Felidae,Panthera,Panthera pardus,Leopard,20,6,0.3,-,6,2,0.1,0.5,3,0.15,0.5,-,21,7,20,15,-,30.80210388,25.34516765,3.18869165,3.616042078,3.616042078,2.14,1.25,14.6,550,1940,53750,0.0079,327.6,-1,0.223606798
3147,Animalia,Chordata,Mammalia,Mammalia,Primates,Cercopithecidae,Papio,Papio hamadryas,Hamadryas baboon,20,3,0.15,-,3,3,0.15,1,0,0,0,-,20,3,20,4,-,49.76988823,57.92241946,5.621301775,9.861932939,9.861932939,1.01,0.8,18.67,814,3950,18000,0.0026,450,-1,0.223606798
1270,Animalia,Chordata,Mammalia,Mammalia,Pilosa,Megalonychidae,Choloepus,Choloepus didactylus,Linnes two-toed sloth,20,1,0.05,-,1,1,0.05,1,0,0,0,-,20,1,20,12,-,42.04470743,54.0433925,9.171597633,4.996712689,4.996712689,1.5,0.74,20.25,356,-1,6250,0.002,441.6,-1,0.223606798
3863,Animalia,Chordata,Aves,Sauropsida,Passeriformes,Emberizidae,Sicalis,Sicalis flaveola,Saffron finch,20,0,0,-,0,0,0,NA,0,0,NA,-,20,0,20,4,-,-1,-1,-1,-1,1,-1,-1,-1,-1,-1,17.925,-1,-1,-1,0.223606798
3572,Animalia,Chordata,Aves,Sauropsida,Columbiformes,Columbidae,Ptilinopus,Ptilinopus jambu,Jambu fruit_dove,20,0,0,-,0,0,0,NA,0,0,NA,-,20,0,20,9,-,-1,-1,-1,-1,1,-1,-1,-1,-1,-1,135,-1,-1,-1,0.223606798
1940,Animalia,Chordata,Aves,Sauropsida,Columbiformes,Columbidae,Gallicolumba,Gallicolumba luzonica,Bleeding heart dove,20,0,0,-,0,0,0,NA,0,0,NA,-,20,0,20,11,-,-1,-1,-1,-1,1,-1,-1,-1,-1,-1,196,-1,-1,-1,0.223606798
2643,Animalia,Chordata,Aves,Sauropsida,Psittaciformes,Psittacidae,Lorius,Lorius garrulus,Chattering lory,20,0,0,-,0,0,0,NA,0,0,NA,-,20,0,20,3,-,-1,-1,-1,-1,10.52221036,-1,-1,-1,-1,-1,143,-1,319.2,-1,0.223606798
2395,Animalia,Chordata,Amphibia,Amphibia,Anura,Bufonidae,Incilius,Incilius coniferus,Green climbing toad,20,0,0,-,0,0,0,NA,0,0,NA,-,20,0,20,2,-,-1,-1,-1,-1,-1,-1,-1,-1,-1,-1,-1,-1,-1,-1,0.223606798
19426,Animalia,Chordata,Mammalia,Mammalia,Primates,Callitrichidae,Mico,Mico Argentatus,Silvery marmoset,20,0,0,-,0,0,0,NA,0,0,NA,-,20,0,20,1,-,-1,-1,-1,-1,-1,-1,-1,-1,-1,-1,-1,-1,-1,-1,0.223606798
4403,Animalia,Chordata,Reptilia,Sauropsida,Squamata,Agamidae,Uromastyx,Uromastyx geyri,Dabb lizard,20,0,0,-,0,0,0,NA,0,0,NA,-,20,0,20,4,-,-1,-1,-1,-1,-1,-1,-1,-1,-1,-1,-1,-1,-1,-1,0.223606798
3777,Animalia,Chordata,Aves,Sauropsida,Ciconiiformes,Scopidae,Scopus,Scopus umbretta,Hammerkop,20,1,0.05,-,1,0,0,0,1,0.05,1,-,20,1,20,11,-,-1,-1,-1,-1,1,4.4,-1,-1,20,-1,423,-1,-1,-1,0.223606798
4360,Animalia,Chordata,Aves,Sauropsida,Galliformes,Phasianidae,Tympanuchus,Tympanuchus cupido,Greater prairie-chicken,20,1,0.05,-,1,0,0,0,1,0.05,1,-,20,1,20,1,-,11.99868508,6.015779093,0.756081525,-1,27.4,13,-1,-1,11.5,-1,908,-1,162,-1,0.223606798
2132,Animalia,Chordata,Aves,Sauropsida,Accipitriformes,Accipitridae,Haliaeetus,Haliaeetus leucocephalus,Bald eagle,20,1,0.05,-,4,0,0,0.75,1,0.05,0.25,-,23,4,20,12,-,47.9947403,47.9947403,1.150558843,-1,146,-1,-1,-1,-1,-1,3175,0.098,576,-1,0.223606798
857,Animalia,Chordata,Aves,Sauropsida,Psittaciformes,Cacatuidae,Cacatua,Cacatua moluccensis,Salmon-crested cockatoo,20,1,0.05,-,2,0,0,0,1,0.05,1,-,21,2,20,12,-,-1,-1,-1,-1,26.02862563,-1,-1,-1,-1,-1,830,-1,789.6,-1,0.223606798
2984,Animalia,Chordata,Aves,Sauropsida,Anseriformes,Anatidae,Netta,Netta rufina,Red crested pochard,20,3,0.15,-,3,1,0.05,0.333333333,2,0.1,0.666666667,-,20,3,20,8,-,11.99868508,11.99868508,-1,-1,36.5,-1,-1,-1,36,-1,1118,-1,105.6,-1,0.223606798
357,Animalia,Chordata,Reptilia,Sauropsida,Squamata,Dactyloidae,Anolis,Anolis equestris,Knight anole,20,4,0.2,-,8,3,0.15,1,0,0,0,-,25,9,20,7,-,-1,-1,-1,-1,6.526934999,-1,-1,-1,-1,-1,56,-1,198,-1,0.223606798
226,Animalia,Chordata,Amphibia,Amphibia,Caudata,Ambystomatidae,Ambystoma,Ambystoma tigrinum,Tiger salamander,20,4,0.2,-,4,2,0.1,0.5,2,0.1,0.5,-,20,4,20,13,-,47.9947403,47.9947403,0.920447074,-1,146,37,-1,-1,-1,-1,9.402,-1,300,-1,0.223606798