"taxa_id","Kingdom","Phylum","Class","Clade","Orders","Family","Genus","Species","common_name","RecordsWithDenominators","NeoplasiaWithDenominators","NeoplasiaPrevalence","X.","MalignancyKnown","Malignant","MalignancyPrevalence","PropMalignant","Benign","BenignPrevalence","PropBenign","X..","RecordsFromAllSources","NeoplasiaFromAllSources","Necropsies","X.Sources","X...","female_maturity.months.","male_maturity.months.","Gestation.months.","Weaning.months.","Infancy.months.","litter_size","litters_year","interbirth_interval","birth_weight.g.","weaning_weight.g.","adult_weight.g.","growth_rate.1.days.","max_longevity.months.","metabolic_rate","SE_simple","InferredNeoplasia","Keep"
1829,"Animalia","Chordata","Aves","Sauropsida","Tinamiformes","Tinamidae","Eudromia","Eudromia_elegans","Elegant crested tinamou",22,0,0,"-",10,0,0,0,0,0,1,"-",32,10,22,8,"-",-1,-1,-1,-1,1,-1,-1,-1,-1,-1,678,-1,-1,-1,0.213200716,2.831229694,TRUE
1083,"Animalia","Chordata","Amphibia","Amphibia","Anura","Ceratophryidae","Ceratophrys","Ceratophrys_ornata","Bell'shorned frog",27,0,0,"-",5,0,0,0,0,0,1,"-",32,5,27,17,"-",-1,-1,-1,-1,5.814905726,-1,-1,-1,-1,-1,-1,-1,176.4,-1,0.19245009,-1,TRUE
1532,"Animalia","Chordata","Reptilia","Sauropsida","Squamata","Viperidae","Crotalus","Crotalus_polystictus","Crotalus polystictus",33,0,0,"-",5,0,0,1,0,0,0,"-",38,5,33,7,"-",-1,-1,-1,-1,2.254759363,-1,-1,-1,-1,-1,-1,-1,68.4,-1,0.174077656,-1,TRUE
2027,"Animalia","Chordata","Reptilia","Sauropsida","Squamata","Agamidae","Gonocephalus","Gonocephalus_chamaeleontinus","Chameleon forest dragon",40,0,0,"-",9,0,0,0.333333333,0,0,0.666666667,"-",49,9,40,10,"-",-1,-1,-1,-1,17.19946265,-1,4.6,-1,-1,0.58,-1,-1,521.76,-1,0.158113883,-1,TRUE
2726,"Animalia","Chordata","Amphibia","Amphibia","Anura","Mantellidae","Mantella","Mantella_aurantiaca","Golden mantella",304,2,0.006578947,"-",2,0,0,0,2,0.006578947,1,"-",304,2,304,9,"-",-1,-1,0.460223537,-1,4.311732817,40,-1,-1,-1,-1,-1,-1,130.8,-1,0.057353933,-1,TRUE
572,"Animalia","Chordata","Amphibia","Amphibia","Anura","Bufonidae","Atelopus","Atelopus_zeteki","Panamanian golden frog",137,1,0.00729927,"-",6,1,0.00729927,0.166666667,0,0,0.833333333,"-",142,6,137,22,"-",-1,-1,-1,-1,-1,-1,-1,-1,-1,-1,-1,-1,-1,-1,0.085435766,-1,TRUE
1649,"Animalia","Chordata","Amphibia","Amphibia","Anura","Dendrobatidae","Dendrobates","Dendrobates_tinctorius","Dyeing poison dart frog",267,2,0.007490637,"-",2,1,0.003745318,0.5,1,0.003745318,0.5,"-",267,2,267,33,"-",-1,-1,-1,-1,-1,-1,-1,-1,-1,-1,-1,-1,-1,-1,0.061199006,-1,TRUE
3923,"Animalia","Chordata","Aves","Sauropsida","Sphenisciformes","Spheniscidae","Spheniscus","Spheniscus_humboldti","Humboldt penguin",376,4,0.010638298,"-",4,2,0.005319149,0.5,2,0.005319149,0.5,"-",376,4,376,10,"-",36.02071006,36.02071006,-1,-1,109.575,-1,-1,-1,-1,-1,4379,-1,360,-1,0.051571062,18.97918995,TRUE
2941,"Animalia","Chordata","Amphibia","Amphibia","Anura","Bufonidae","Nectophrynoides","Nectophrynoides_asperginis","Kihansi spray toad",173,2,0.011560694,"-",2,2,0.011560694,1,0,0,0,"-",173,2,173,4,"-",-1,-1,-1,-1,-1,-1,-1,-1,-1,-1,-1,-1,-1,-1,0.076028592,-1,TRUE
3639,"Animalia","Chordata","Amphibia","Amphibia","Anura","Ranidae","Rana","Rana_sierrae","Sierra nevada yellow-legged frog",76,1,0.013157895,"-",1,0,0,0,1,0.013157895,1,"-",76,1,76,5,"-",-1,-1,-1,-1,-1,-1,-1,-1,-1,-1,-1,-1,-1,-1,0.114707867,-1,TRUE
2215,"Animalia","Chordata","Mammalia","Mammalia","Rodentia","Bathyergidae","Heterocephalus","Heterocephalus_glaber","Naked mole rat",145,2,0.013793103,"-",7,1,0.006896552,0.714285714,1,0.006896552,0.285714286,"-",150,7,145,12,"-",7.495069034,-1,2.301117686,1.183431953,1.183431953,11.3,3.5,2.66,1.86,11,35,0.0046,372,25.74,0.08304548,16.96732568,TRUE
701,"Animalia","Chordata","Reptilia","Sauropsida","Squamata","Colubridae","Boiga","Boiga_dendrophila","Mangrove snake",68,1,0.014705882,"-",1,1,0.014705882,1,0,0,0,"-",68,1,68,6,"-",-1,0.493096647,0.558842867,-1,15,-1,7.5,-1,-1,-1,-1,-1,204,-1,0.121267813,-1,TRUE
1398,"Animalia","Chordata","Aves","Sauropsida","Columbiformes","Columbidae","Columba","Columba_livia","Domestic pigeon",55,1,0.018181818,"-",1,0,0,0,1,0.018181818,1,"-",55,1,55,14,"-",4.602235371,4.602235371,0.591715976,-1,14,-1,-1,-1,15.2,-1,358.7,0.28,420,-1,0.134839972,18.29422712,TRUE
120,"Animalia","Chordata","Aves","Sauropsida","Psittaciformes","Psittacidae","Agapornis","Agapornis_nigrigenis","Black-cheeked lovebird",108,2,0.018518519,"-",2,0,0,0,2,0.018518519,1,"-",108,2,108,3,"-",-1,-1,-1,-1,1,4.9,-1,-1,-1,-1,40.45,-1,-1,-1,0.096225045,1.606918526,TRUE
1293,"Animalia","Chordata","Mammalia","Mammalia","Chiroptera","Phyllostomidae","Chrotopterus","Chrotopterus_auritus","Vampire bat",48,1,0.020833333,"-",1,0,0,0,1,0.020833333,1,"-",48,1,48,9,"-",18.01035503,18.01035503,2.830046022,9.00591716,9.00591716,0.99,-1,-1,-1,-1,84.38,-1,-1,101.86,0.144337567,1.926239521,TRUE
576,"Animalia","Chordata","Reptilia","Sauropsida","Squamata","Viperidae","Atheris","Atheris_ceratophora","Atheris ceratophora",44,1,0.022727273,"-",1,1,0.022727273,1,0,0,0,"-",44,1,44,14,"-",-1,-1,-1,-1,-1,-1,-1,-1,-1,-1,-1,-1,-1,-1,0.150755672,-1,TRUE
1656,"Animalia","Chordata","Aves","Sauropsida","Anseriformes","Anatidae","Dendrocygna","Dendrocygna_viduata","White faced tree duck",84,2,0.023809524,"-",2,1,0.011904762,0.5,1,0.011904762,0.5,"-",84,2,84,3,"-",-1,-1,0.887573964,-1,4.746861817,-1,-1,-1,22,-1,610,-1,144,-1,0.109108945,15.73550479,TRUE
675,"Animalia","Chordata","Reptilia","Sauropsida","Squamata","Viperidae","Bitis","Bitis_arietans","Puff adder",83,2,0.024096386,"-",2,1,0.012048193,0.5,1,0.012048193,0.5,"-",83,2,83,4,"-",-1,-1,-1,-1,6.250034726,156,-1,-1,-1,-1,2381,-1,189.6,-1,0.10976426,17.04378939,TRUE
314,"Animalia","Chordata","Amphibia","Amphibia","Anura","Bufonidae","Anaxyrus","Anaxyrus_baxteri","Wyoming toad",200,5,0.025,"-",3,2,0.01,0.666666667,1,0.005,0.333333333,"-",200,5,200,4,"-",-1,-1,-1,-1,-1,-1,-1,-1,-1,-1,-1,-1,-1,-1,0.070710678,-1,TRUE
4272,"Animalia","Chordata","Aves","Sauropsida","Psittaciformes","Psittaculidae","Trichoglossus","Trichoglossus_haematodus","Coconut lorikeet",190,5,0.026315789,"-",5,3,0.015789474,0.6,2,0.010526316,0.4,"-",190,5,190,19,"-",-1,-1,-1,-1,6.368706272,-1,-1,-1,-1,-1,115.1,-1,193.2,-1,0.072547625,15.77711806,TRUE
111,"Animalia","Chordata","Amphibia","Amphibia","Anura","Hylidae","Agalychnis","Agalychnis_callidryas","Green tree frog",73,2,0.02739726,"-",2,1,0.01369863,0.5,1,0.01369863,0.5,"-",73,2,73,20,"-",-1,-1,-1,-1,-1,-1,-1,-1,-1,-1,-1,-1,-1,-1,0.117041147,-1,TRUE
4547,"Animalia","Chordata","Aves","Sauropsida","Columbiformes","Columbidae","Zenaida","Zenaida_graysoni","Soccoro dove",35,1,0.028571429,"-",1,1,0.028571429,1,0,0,0,"-",35,1,35,1,"-",-1,-1,-1,-1,1,-1,-1,-1,-1,-1,191,-1,-1,-1,0.169030851,2.281033367,TRUE
3706,"Animalia","Chordata","Mammalia","Mammalia","Primates","Callitrichidae","Saguinus","Saguinus_imperator","Emperor tamarins",35,1,0.028571429,"-",1,1,0.028571429,1,0,0,0,"-",35,1,35,9,"-",17.94871795,23.99737015,4.76660092,-1,63.8,-1,-1,-1,47,-1,518.5,-1,284.4,-1,0.169030851,17.43832631,TRUE
1827,"Animalia","Chordata","Aves","Sauropsida","Pelecaniformes","Threskiornithidae","Eudocimus","Eudocimus_ruber","Scarlet ibis",105,3,0.028571429,"-",3,0,0,0,3,0.028571429,1,"-",105,3,105,17,"-",-1,-1,0.756081525,-1,13.13298436,-1,-1,-1,-1,-1,615,-1,398.4,-1,0.097590007,18.39079109,TRUE
952,"Animalia","Chordata","Mammalia","Mammalia","Artiodactyla","Bovidae","Capra","Capra_nubiana","Nubian ibex",35,1,0.028571429,"-",1,0,0,0,1,0.028571429,1,"-",35,1,35,3,"-",26.882643,41.2886259,4.930966469,7.503944773,7.503944773,1.11,0.8,1.41889117,2791.43,15691.695,46250,-1,268.8,-1,0.169030851,19.24168732,TRUE
3173,"Animalia","Chordata","Aves","Sauropsida","Passeriformes","Thraupidae","Paroaria","Paroaria_coronata","Red-crested cardinal",34,1,0.029411765,"-",1,0,0,0,1,0.029411765,1,"-",34,1,34,14,"-",-1,-1,-1,-1,1,-1,-1,-1,-1,-1,38.76666667,-1,-1,-1,0.171498585,1.58845846,TRUE
2492,"Animalia","Chordata","Aves","Sauropsida","Charadriiformes","Laridae","Larosterna","Larosterna_inca","Inca tern",34,1,0.029411765,"-",1,1,0.029411765,1,0,0,0,"-",34,1,34,9,"-",-1,-1,0.920447074,-1,10.28486727,-1,-1,-1,-1,-1,219,-1,312,-1,0.171498585,17.30537168,TRUE
4333,"Animalia","Chordata","Reptilia","Sauropsida","Squamata","Viperidae","Tropidolaemus","Tropidolaemus_wagleri","Wagler's pit viper",34,1,0.029411765,"-",1,1,0.029411765,1,0,0,0,"-",34,1,34,6,"-",-1,-1,12.62327416,0.190664037,0.190664037,-1,-1,5.8,-1,-1,-1,-1,-1,-1,0.171498585,-1,TRUE
3372,"Animalia","Chordata","Reptilia","Sauropsida","Squamata","Tropiduridae","Plica","Plica_plica","Collared tree lizard",33,1,0.03030303,"-",1,1,0.03030303,1,0,0,0,"-",33,1,33,2,"-",-1,-1,-1,-1,1,2.655,-1,-1,2.89,-1,69.825,-1,-1,-1,0.174077656,1.844010944,TRUE
2958,"Animalia","Chordata","Aves","Sauropsida","Psittaciformes","Psittacidae","Neophema","Neophema_splendida","Neophema splendida",33,1,0.03030303,"-",1,1,0.03030303,1,0,0,0,"-",33,1,33,7,"-",-1,-1,-1,-1,5.538005454,-1,-1,-1,-1,-1,38.6,-1,168,-1,0.174077656,14.938443,TRUE
2296,"Animalia","Chordata","Reptilia","Sauropsida","Squamata","Colubridae","Hydrodynastes","Hydrodynastes_gigas","Boipevassu cobra",33,1,0.03030303,"-",6,1,0.03030303,0.5,0,0,0.5,"-",38,6,33,8,"-",-1,-1,-1,-1,6.685163726,10,-1,-1,-1,-1,-1,-1,202.8,-1,0.174077656,-1,TRUE
140,"Animalia","Chordata","Aves","Sauropsida","Anseriformes","Anatidae","Aix","Aix_galericulata","Mandarin duck",32,1,0.03125,"-",6,1,0.03125,1,0,0,0,"-",37,6,32,7,"-",11.94832347,-1,0.953320184,-1,363.468,10.5,-1,-1,-1,-1,570,-1,124.8,-1,0.176776695,15.33316237,TRUE
1029,"Animalia","Chordata","Mammalia","Mammalia","Primates","Callitrichidae","Cebuella","Cebuella_pygmaea","Pygmy marmoset",64,2,0.03125,"-",2,0,0,0,2,0.03125,1,"-",64,2,64,14,"-",22.4852071,20.97304405,4.109138725,2.991452991,2.991452991,-1,-1,5.62,16,70,124,-1,223.2,-1,0.125,16.18558683,TRUE
2391,"Animalia","Chordata","Reptilia","Sauropsida","Squamata","Iguanidae","Iguana","Iguana_iguana","Green iguana",32,1,0.03125,"-",1,0,0,0,1,0.03125,1,"-",32,1,32,11,"-",53.91190007,53.91190007,-1,-1,164,35,-1,-1,16.175,-1,1530,-1,237.6,-1,0.176776695,17.43977005,TRUE
4156,"Animalia","Chordata","Amphibia","Amphibia","Anura","Rhacophoridae","Theloderma","Theloderma_corticale","Tonkin bug-eyed frog",32,1,0.03125,"-",1,1,0.03125,1,0,0,0,"-",32,1,32,11,"-",-1,-1,-1,-1,-1,-1,-1,-1,-1,-1,-1,-1,-1,-1,0.176776695,-1,TRUE
4416,"Animalia","Chordata","Reptilia","Sauropsida","Squamata","Gekkonidae","Uroplatus","Uroplatus_sikorae","Leaf tailed gecko",64,2,0.03125,"-",2,1,0.015625,0.5,1,0.015625,0.5,"-",64,2,64,10,"-",-1,-1,-1,-1,0.514243364,-1,-1,-1,-1,-1,-1,-1,15.6,-1,0.125,-1,TRUE
1723,"Animalia","Chordata","Mammalia","Mammalia","Chiroptera","Pteropodidae","Eidolon","Eidolon_helvum","Straw-colored fruit bat",31,1,0.032258065,"-",1,1,0.032258065,1,0,0,0,"-",31,1,31,7,"-",-1,-1,9.040105194,2.136752137,2.136752137,1.08,-1,12,50,135,306.25,-1,261.6,-1,0.179605302,16.99190254,TRUE
3194,"Animalia","Chordata","Reptilia","Sauropsida","Galliformes","Phasianidae","Pavo","Pavo_cristatus","Blue peafowl",31,1,0.032258065,"-",1,0,0,0,1,0.032258065,1,"-",31,1,31,10,"-",23.99737015,23.99737015,0.953320184,-1,73,-1,-1,-1,120,-1,4200,0.03,278.4,-1,0.179605302,18.29126468,TRUE
2313,"Animalia","Chordata","Amphibia","Amphibia","Anura","Hylidae","Dryophytes","Dryophytes_versicolor","Gray treefrog",29,1,0.034482759,"-",1,1,0.034482759,1,0,0,0,"-",29,1,29,11,"-",23.99737015,23.99737015,-1,-1,73,1800,-1,-1,-1,-1,7.2,-1,93.6,-1,0.185695338,12.68498759,TRUE
4052,"Animalia","Chordata","Aves","Sauropsida","Passeriformes","Estrildidae","Taeniopygia","Taeniopygia_guttata","Timor zebra finch",29,1,0.034482759,"-",1,0,0,0,1,0.034482759,1,"-",29,1,29,7,"-",1.972386588,1.972386588,-1,-1,6,4.5,-1,-1,0.58,-1,12,-1,144,-1,0.185695338,14.0293562,TRUE
1543,"Animalia","Chordata","Reptilia","Sauropsida","Squamata","Crotaphytidae","Crotaphytus","Crotaphytus_collaris","Eastern collared lizard",28,1,0.035714286,"-",1,1,0.035714286,1,0,0,0,"-",28,1,28,10,"-",-1,-1,-1,-1,1,-1,1.5,-1,0.86,-1,29.525,-1,-1,-1,0.188982237,1.470189906,TRUE
3750,"Animalia","Chordata","Reptilia","Sauropsida","Squamata","Phrynosomatidae","Sceloporus","Sceloporus_cyanogenys","Blue spiny lizard",56,2,0.035714286,"-",2,2,0.035714286,1,0,0,0,"-",56,2,56,7,"-",-1,-1,-1,-1,2.650331181,13,-1,-1,1.15,-1,35.59,-1,80.4,-1,0.133630621,12.98286428,TRUE
540,"Animalia","Chordata","Aves","Sauropsida","Anseriformes","Anatidae","Asarcornis","Asarcornis_scutulata","White-winged duck",55,2,0.036363636,"-",2,2,0.036363636,1,0,0,0,"-",55,2,55,7,"-",-1,-1,-1,-1,1,9.662921348,-1,-1,-1,-1,3000,-1,-1,-1,0.134839972,3.477121255,TRUE
4414,"Animalia","Chordata","Reptilia","Sauropsida","Squamata","Gekkonidae","Uroplatus","Uroplatus_phantasticus","Satanic leaf-tailed gecko",55,2,0.036363636,"-",2,2,0.036363636,1,0,0,0,"-",55,2,55,6,"-",-1,-1,-1,-1,-1,-1,-1,-1,-1,-1,-1,-1,-1,-1,0.134839972,-1,TRUE
1519,"Animalia","Chordata","Reptilia","Sauropsida","Squamata","Viperidae","Crotalus","Crotalus_atrox","Western diamond back rattlesnake",27,1,0.037037037,"-",1,1,0.037037037,1,0,0,0,"-",27,1,27,12,"-",35.99605523,35.99605523,5.489809336,-1,109.5,14,-1,-1,-1,-1,6700,-1,324,-1,0.19245009,18.88934486,TRUE
3324,"Animalia","Chordata","Amphibia","Amphibia","Anura","Pipidae","Pipa","Pipa_pipa","Surinam toad",108,4,0.037037037,"-",3,1,0.009259259,0.333333333,2,0.018518519,0.666666667,"-",108,4,108,21,"-",-1,-1,-1,-1,3.045902999,-1,-1,-1,-1,-1,-1,-1,92.4,-1,0.096225045,-1,TRUE
14402,"Animalia","Chordata","Mammalia","Mammalia","Rodentia","Gliridae","Muscardinus","Muscardinus_avellanarius","Common dormouse",52,2,0.038461538,"-",2,0,0,0,2,0.038461538,1,"-",52,2,52,1,"-",11.01249178,11.01249178,0.756081525,1.282051282,1.282051282,4.3,1.5,1.64,0.8,-1,27.3,-1,63.6,-1,0.138675049,12.25690534,TRUE
4165,"Animalia","Chordata","Aves","Sauropsida","Passeriformes","Thraupidae","Thraupis","Thraupis_episcopus","Blue gray tanager",26,1,0.038461538,"-",1,0,0,0,1,0.038461538,1,"-",26,1,26,14,"-",-1,-1,0.427350427,-1,3.757932272,-1,-1,-1,-1,-1,35,0.37,114,-1,0.196116135,13.88549715,TRUE
3633,"Animalia","Chordata","Aves","Sauropsida","Piciformes","Ramphastidae","Ramphastos","Ramphastos_swainsonii","Chestnut-mandibled toucan",102,4,0.039215686,"-",4,2,0.019607843,0.5,2,0.019607843,0.5,"-",102,4,102,24,"-",-1,-1,-1,-1,-1,-1,-1,-1,-1,-1,-1,-1,-1,-1,0.099014754,-1,TRUE
893,"Animalia","Chordata","Aves","Sauropsida","Galliformes","Odontophoridae","Callipepla","Callipepla_gambelii","Gambel's quail",25,1,0.04,"-",1,0,0,0,1,0.04,1,"-",25,1,25,6,"-",11.99868508,11.99868508,0.723208416,-1,36.5,11,1.25,-1,-1,-1,166,-1,88.8,-1,0.2,13.91058588,TRUE
2684,"Animalia","Chordata","Mammalia","Mammalia","Primates","Cercopithecidae","Macaca","Macaca_nigra","Sulawesi crested macaque",25,1,0.04,"-",1,0,0,0,1,0.04,1,"-",25,1,25,3,"-",48.9809336,65.23701512,5.785667324,11.99868508,11.99868508,1.01,0.7,17.75,461,-1,7965,-1,408,-1,0.2,19.56514676,TRUE
2867,"Animalia","Chordata","Reptilia","Sauropsida","Squamata","Pythonidae","Simalia","Simalia_boeleni","Boelens python",25,1,0.04,"-",1,1,0.04,1,0,0,0,"-",25,1,25,6,"-",-1,-1,-1,-1,7.950993544,-1,-1,-1,-1,-1,-1,-1,241.2,-1,0.2,-1,TRUE
1527,"Animalia","Chordata","Reptilia","Sauropsida","Squamata","Viperidae","Crotalus","Crotalus_lepidus","Rock rattlesnake",49,2,0.040816327,"-",2,2,0.040816327,1,0,0,0,"-",49,2,49,14,"-",-1,-1,-1,-1,13.29121309,4.95,-1,-1,-1,-1,219,-1,403.2,-1,0.142857143,17.97356726,TRUE
1804,"Animalia","Chordata","Aves","Sauropsida","Passeriformes","Estrildidae","Chloebia","Chloebia_gouldiae","Gouldian finch",121,5,0.041322314,"-",5,5,0.041322314,1,0,0,0,"-",121,5,121,10,"-",-1,-1,0.427350427,-1,1,5.7,2.5,-1,-1,-1,12,-1,-1,-1,0.090909091,1.079181246,TRUE
3413,"Animalia","Chordata","Aves","Sauropsida","Falconiformes","Falconidae","Polihierax","Polihierax_semitorquatus","African pygmy falcon",24,1,0.041666667,"-",6,1,0.041666667,1,0,0,0,"-",29,6,24,10,"-",11.97761341,12.00690335,-1,-1,36.48045,-1,1.75,-1,-1,-1,61.025,-1,240,-1,0.204124145,16.06677524,TRUE
2858,"Animalia","Chordata","Aves","Sauropsida","Coraciiformes","Momotidae","Momotus","Momotus_momota","Blue-crowned mot mot",24,1,0.041666667,"-",1,1,0.041666667,1,0,0,0,"-",24,1,24,16,"-",-1,-1,0.690335306,-1,8.030107908,3.5,-1,-1,-1,-1,133,-1,243.6,-1,0.204124145,16.44391534,TRUE
282,"Animalia","Chordata","Aves","Sauropsida","Anseriformes","Anatidae","Anas","Anas_acuta","Northern pintail",23,1,0.043478261,"-",11,1,0.043478261,0.545454545,0,0,0.454545455,"-",33,11,23,13,"-",7.889546351,7.889546351,0.723208416,-1,24,7.5,-1,-1,26,-1,721,-1,328.8,-1,0.208514414,17.95952612,TRUE
3267,"Animalia","Chordata","Mammalia","Mammalia","Carnivora","Phocidae","Phoca","Phoca_vitulina","Atlantic harbor seal",46,2,0.043478261,"-",2,2,0.043478261,1,0,0,0,"-",46,2,46,6,"-",35.99605523,47.9947403,8.316896778,0.986193294,0.986193294,-1,1.1,12,11000,23945,115000,0.0013,571.2,32350.8,0.147441956,21.60142703,TRUE
1991,"Animalia","Chordata","Amphibia","Amphibia","Gymnophiona","Dermophiidae","Geotrypetes","Geotrypetes_seraphini","Gaboon caecilian",23,1,0.043478261,"-",1,0,0,0,1,0.043478261,1,"-",23,1,23,2,"-",-1,-1,-1,-1,-1,-1,-1,-1,-1,-1,-1,-1,-1,-1,0.208514414,-1,TRUE
1745,"Animalia","Chordata","Reptilia","Sauropsida","Squamata","Anguidae","Elgaria","Elgaria_kingii","Elgaria kingii",22,1,0.045454545,"-",1,1,0.045454545,1,0,0,0,"-",22,1,22,12,"-",-1,-1,-1,-1,4.865533363,10.5,-1,-1,-1,-1,10,-1,147.6,-1,0.213200716,14.01451814,TRUE
3695,"Animalia","Chordata","Mammalia","Mammalia","Chiroptera","Pteropodidae","Rousettus","Rousettus_lanosus","Long-haired rousette",22,1,0.045454545,"-",1,1,0.045454545,1,0,0,0,"-",22,1,22,3,"-",-1,-1,-1,-1,7.397192999,-1,-1,-1,-1,-1,103,-1,224.4,-1,0.213200716,16.11897434,TRUE
3196,"Animalia","Chordata","Mammalia","Mammalia","Artiodactyla","Tayassuidae","Pecari","Pecari_tajacu","Collared peccary",22,1,0.045454545,"-",11,1,0.045454545,1,0,0,0,"-",32,11,22,8,"-",10.81525312,11.76857331,4.76660092,1.61078238,1.61078238,1.56,-1,5.1,700,4881,20200,-1,378,-1,0.213200716,19.77030217,TRUE
1660,"Animalia","Chordata","Amphibia","Amphibia","Anura","Hylidae","Dendropsophus","Dendropsophus_ebraccatus","Hourglass treefrog",22,1,0.045454545,"-",1,0,0,0,1,0.045454545,1,"-",22,1,22,5,"-",-1,-1,-1,-1,-1,-1,-1,-1,-1,-1,-1,-1,-1,-1,0.213200716,-1,TRUE
1155,"Animalia","Chordata","Reptilia","Sauropsida","Squamata","Chamaeleonidae","Chamaeleo","Chamaeleo_calyptratus","Veiled chameleon",87,4,0.045977011,"-",7,0,0,0,2,0.022988506,1,"-",92,9,87,11,"-",4.437869822,4.50295858,-1,-1,13.599,35,2.4,-1,0.56,-1,200.215,-1,-1,-1,0.107211253,2.301496611,TRUE
1626,"Animalia","Chordata","Aves","Sauropsida","Passeriformes","Thraupidae","Dacnis","Dacnis_lineata","Dacnis lineata",42,2,0.047619048,"-",2,0,0,0,2,0.047619048,1,"-",42,2,42,11,"-",-1,-1,-1,-1,1,-1,-1,-1,-1,-1,11.25,-1,-1,-1,0.15430335,1.051152522,TRUE
2516,"Animalia","Chordata","Aves","Sauropsida","Passeriformes","Leiothrichidae","Leiothrix","Leiothrix_lutea","Pekin robin",42,2,0.047619048,"-",1,0,0,0,1,0.023809524,1,"-",42,2,42,11,"-",-1,-1,0.394477318,-1,5.933577272,2.82,-1,-1,3.1,-1,21.5,-1,180,-1,0.15430335,14.86407349,TRUE
2869,"Animalia","Chordata","Reptilia","Sauropsida","Squamata","Pythonidae","Morelia","Morelia_spilota","Diamond python",63,3,0.047619048,"-",2,1,0.015873016,0.5,1,0.015873016,0.5,"-",63,3,63,9,"-",-1,-1,2.071005917,-1,7.753207635,21.6,-1,-1,25.9,-1,15926,-1,235.2,-1,0.125988158,18.43073062,TRUE
4101,"Animalia","Chordata","Mammalia","Mammalia","Artiodactyla","Bovidae","Taurotragus","Taurotragus_derbianus","Giant eland",21,1,0.047619048,"-",1,1,0.047619048,1,0,0,0,"-",21,1,21,2,"-",36.39053254,24.82412886,8.678500986,5.982905983,5.982905983,-1,1.14,0.926762491,30889.05,96495.55,680000,-1,243.6,-1,0.21821789,20.15257262,TRUE
3777,"Animalia","Chordata","Aves","Sauropsida","Ciconiiformes","Scopidae","Scopus","Scopus_umbretta","Hammerkop",20,1,0.05,"-",1,0,0,0,1,0.05,1,"-",20,1,20,11,"-",-1,-1,-1,-1,1,4.4,-1,-1,20,-1,423,-1,-1,-1,0.223606798,2.626340367,TRUE
4360,"Animalia","Chordata","Aves","Sauropsida","Galliformes","Phasianidae","Tympanuchus","Tympanuchus_cupido","Greater prairie-chicken",20,1,0.05,"-",1,0,0,0,1,0.05,1,"-",20,1,20,1,"-",11.99868508,6.015779093,0.756081525,-1,27.4,13,-1,-1,11.5,-1,908,-1,162,-1,0.223606798,16.21517594,TRUE
1270,"Animalia","Chordata","Mammalia","Mammalia","Pilosa","Megalonychidae","Choloepus","Choloepus_didactylus","Linnes two-toed sloth",20,1,0.05,"-",1,1,0.05,1,0,0,0,"-",20,1,20,12,"-",42.04470743,54.0433925,9.171597633,4.996712689,4.996712689,1.5,0.74,20.25,356,-1,6250,0.002,441.6,-1,0.223606798,19.66605441,TRUE
2132,"Animalia","Chordata","Aves","Sauropsida","Accipitriformes","Accipitridae","Haliaeetus","Haliaeetus_leucocephalus","Bald eagle",20,1,0.05,"-",4,0,0,0.75,1,0.05,0.25,"-",23,4,20,12,"-",47.9947403,47.9947403,1.150558843,-1,146,-1,-1,-1,-1,-1,3175,0.098,576,-1,0.223606798,20.06427863,TRUE
857,"Animalia","Chordata","Aves","Sauropsida","Psittaciformes","Cacatuidae","Cacatua","Cacatua_moluccensis","Salmon-crested cockatoo",20,1,0.05,"-",2,0,0,0,1,0.05,1,"-",21,2,20,12,"-",-1,-1,-1,-1,26.02862563,-1,-1,-1,-1,-1,830,-1,789.6,-1,0.223606798,20.30352093,TRUE
1640,"Animalia","Chordata","Mammalia","Mammalia","Cingulata","Dasypodidae","Dasypus","Dasypus_novemcinctus","Nine-banded armadillo",78,4,0.051282051,"-",4,2,0.025641026,0.5,2,0.025641026,0.5,"-",78,4,78,10,"-",11.99868508,11.99868508,4.372123603,4.503616042,4.503616042,3.96,-1,-1,66,-1,5500,-1,267.6,866.97,0.113227703,18.30527934,TRUE
3959,"Animalia","Chordata","Reptilia","Sauropsida","Squamata","Agamidae","Stellagama","Stellagama_stellio","Hardun sling-tailed agama",38,2,0.052631579,"-",2,2,0.052631579,1,0,0,0,"-",38,2,38,2,"-",-1,-1,-1,-1,1,7.7,-1,-1,0.71,-1,40.605,-1,-1,-1,0.162221421,1.608579515,TRUE
1,"Animalia","Chordata","Mammalia","Mammalia","Carnivora","Ailuridae","Ailurus","Ailurus_fulgens","Red panda",38,2,0.052631579,"-",3,1,0.026315789,0.666666667,1,0.026315789,0.333333333,"-",39,3,38,21,"-",18.08021039,18.08021039,3.813280736,4.503616042,4.503616042,1.7,-1,12,100,1140,4325,0.009,228,838.36,0.162221421,17.78359519,TRUE
2588,"Animalia","Chordata","Amphibia","Amphibia","Anura","Ranidae","Lithobates","Lithobates_catesbeianus","American bullfrog",37,2,0.054054054,"-",6,0,0,0.666666667,2,0.054054054,0.333333333,"-",41,6,37,13,"-",41.97896121,23.99737015,-1,-1,100.35,-1,-1,-1,-1,-1,54.4,-1,192,-1,0.164398987,15.43540627,TRUE
3545,"Animalia","Chordata","Aves","Sauropsida","Piciformes","Ramphastidae","Pteroglossus","Pteroglossus_aracari","Black-necked aracari",54,3,0.055555556,"-",3,1,0.018518519,0.333333333,2,0.037037037,0.666666667,"-",54,3,54,6,"-",-1,-1,-1,-1,1,2.9,-1,-1,-1,-1,261.75,-1,-1,-1,0.136082763,2.41788669,TRUE
2698,"Animalia","Chordata","Mammalia","Mammalia","Diprotodontia","Macropodidae","Notamacropus","Notamacropus_parma","Parma wallaby",72,4,0.055555556,"-",4,2,0.027777778,0.5,2,0.027777778,0.5,"-",72,4,72,8,"-",13.93819855,20.38132807,1.117685733,9.960552268,9.960552268,0.9,1.3,7,0.5067,754,4250,0.01,190.8,1376.25,0.11785113,17.31185915,TRUE
1425,"Animalia","Chordata","Reptilia","Sauropsida","Squamata","Boidae","Corallus","Corallus_caninus","Emerald tree boa",54,3,0.055555556,"-",3,2,0.037037037,0.666666667,1,0.018518519,0.333333333,"-",54,3,54,21,"-",-1,-1,-1,-1,7.357635817,8.5,-1,-1,-1,-1,-1,-1,223.2,-1,0.136082763,-1,TRUE
1435,"Animalia","Chordata","Amphibia","Amphibia","Anura","Ceratobatrachidae","Cornufer","Cornufer_guentheri","Solomon island leaf frog",89,5,0.056179775,"-",4,3,0.033707865,0.75,1,0.011235955,0.25,"-",89,5,89,11,"-",-1,-1,-1,-1,-1,-1,-1,-1,-1,-1,-1,-1,-1,-1,0.105999788,-1,TRUE
4016,"Animalia","Chordata","Mammalia","Mammalia","Lagomorpha","Leporidae","Sylvilagus","Sylvilagus_transitionalis","New england cottontail",35,2,0.057142857,"-",2,1,0.028571429,0.5,1,0.028571429,0.5,"-",35,2,35,1,"-",3.944773176,-1,0.920447074,0.525969757,0.525969757,4.8,2.5,0.08275154,30,118.5,902.6,-1,111.6,-1,0.169030851,15.2414805,TRUE
2699,"Animalia","Chordata","Mammalia","Mammalia","Diprotodontia","Macropodidae","Macropus","Osphranter_robustus","Wallaroo",69,4,0.057971014,"-",4,3,0.043478261,0.75,1,0.014492754,0.25,"-",69,4,69,7,"-",17.98159106,22.02498356,1.051939513,11.53846154,11.53846154,-1,1.31,8.68,0.703,2500,30000,0.0038,264,5453.5,0.120385853,19.00674482,TRUE
3111,"Animalia","Chordata","Aves","Sauropsida","Anseriformes","Anatidae","Oxyura","Oxyura_jamaicensis","Ruddy duck",34,2,0.058823529,"-",2,1,0.029411765,0.5,1,0.029411765,0.5,"-",34,2,34,11,"-",11.99868508,11.99868508,0.756081525,-1,36.5,-1,-1,-1,43,-1,542,-1,163.2,-1,0.171498585,16.01032021,TRUE
3670,"Animalia","Chordata","Amphibia","Amphibia","Anura","Bufonidae","Rhinella","Rhinella_marina","Cane toad",33,2,0.060606061,"-",2,2,0.060606061,1,0,0,0,"-",33,2,33,21,"-",11.99868508,11.99868508,-1,-1,36.5,10000,-1,-1,-1,-1,106.25,-1,297.6,-1,0.174077656,16.8681265,TRUE
538,"Animalia","Chordata","Mammalia","Mammalia","Chiroptera","Phyllostomidae","Artibeus","Artibeus_jamaicensis","Jamaican fruit bat",80,5,0.0625,"-",5,3,0.0375,0.6,2,0.025,0.4,"-",80,5,80,8,"-",9.500328731,9.500328731,2.498356345,0.493096647,0.493096647,-1,-1,0.602327173,5.9,33.79,42.2,-1,230.4,56.5,0.111803399,15.8002073,TRUE
4238,"Animalia","Chordata","Mammalia","Mammalia","Artiodactyla","Bovidae","Tragelaphus","Tragelaphus_strepsiceros","Kudu",48,3,0.0625,"-",2,0,0,0,2,0.041666667,1,"-",48,3,48,11,"-",16.99539776,21.8731098,7.495069034,6.015779093,6.015779093,-1,1.1,12,15000,-1,217500,-1,282,-1,0.144337567,20.03895391,TRUE
2704,"Animalia","Chordata","Mammalia","Mammalia","Macroscelidea","Macroscelididae","Macroscelides","Macroscelides_proboscideus","Short-eared elephant shrew",63,4,0.063492063,"-",3,2,0.031746032,0.666666667,1,0.015873016,0.333333333,"-",63,4,63,4,"-",1.446416831,-1,2.136752137,0.624589086,0.624589086,1.6,-1,-1,-1,-1,40,-1,104.4,52.57,0.125988158,13.71426298,TRUE
1005,"Animalia","Chordata","Mammalia","Mammalia","Chiroptera","Phyllostomidae","Carollia","Carollia_perspicillata","Seba short-tailed bat",219,14,0.063926941,"-",14,9,0.04109589,0.642857143,5,0.02283105,0.357142857,"-",219,14,219,10,"-",8.481262327,8.481262327,3.122945431,1.171268902,1.171268902,-1,-1,5.23,4.89,12.5,15,0.0347,204,31.43,0.067573738,15.03387226,TRUE
3101,"Animalia","Chordata","Mammalia","Mammalia","Artiodactyla","Bovidae","Ovis","Ovis_canadensis","Big horn sheep",30,2,0.066666667,"-",1,0,0,0,1,0.033333333,1,"-",30,2,30,7,"-",23.24128863,24.62195924,5.917159763,4.996712689,4.996712689,1.16,1.1,12,4400,28000,70275,0.0031,247.2,22100,0.182574186,19.20509165,TRUE
223,"Animalia","Chordata","Amphibia","Amphibia","Caudata","Ambystomatidae","Ambystoma","Ambystoma_mexicanum","Axolotl",73,5,0.068493151,"-",5,5,0.068493151,1,0,0,0,"-",73,5,73,18,"-",18.01446417,18.01446417,0.591715976,-1,54.8,-1,-1,-1,-1,-1,-1,-1,204,-1,0.117041147,-1,TRUE
1830,"Animalia","Chordata","Aves","Sauropsida","Sphenisciformes","Spheniscidae","Eudyptes","Eudyptes_chrysocome","Rockhopper penguin",29,2,0.068965517,"-",2,2,0.068965517,1,0,0,0,"-",29,2,29,5,"-",-1,-1,-1,-1,1,-1,-1,-1,-1,-1,2470,-1,-1,-1,0.185695338,3.392696953,TRUE
3596,"Animalia","Chordata","Mammalia","Mammalia","Carnivora","Phocidae","Pusa","Pusa_hispida","Ringed seal",42,3,0.071428571,"-",3,3,0.071428571,1,0,0,0,"-",42,3,42,15,"-",60.02629849,72.02498356,8.251150559,1.742274819,1.742274819,-1,1.1,12,6000,14000,90000,-1,552,12813,0.15430335,21.40587698,TRUE
2551,"Animalia","Chordata","Amphibia","Amphibia","Anura","Leptodactylidae","Leptodactylus","Leptodactylus_pentadactylus","Smoky jungle frog",28,2,0.071428571,"-",1,0,0,0,1,0.035714286,1,"-",28,2,28,10,"-",-1,-1,-1,-1,7.436750181,-1,-1,-1,-1,-1,-1,-1,225.6,-1,0.188982237,-1,TRUE
3734,"Animalia","Chordata","Reptilia","Sauropsida","Squamata","Iguanidae","Sauromalus","Sauromalus_ater","Sauromalus obesus",41,3,0.073170732,"-",3,2,0.048780488,0.666666667,1,0.024390244,0.333333333,"-",41,3,41,15,"-",30.01725838,24.01380671,1.150558843,-1,82.18125,7.7,-1,-1,6.805,-1,230.39,-1,111.6,-1,0.156173762,14.64844879,TRUE
3387,"Animalia","Chordata","Aves","Sauropsida","Caprimulgiformes","Podargidae","Podargus","Podargus_strigoides","Tawny frogmouth",27,2,0.074074074,"-",2,2,0.074074074,1,0,0,0,"-",27,2,27,15,"-",-1,-1,-1,-1,1,1.89,-1,-1,-1,-1,349,-1,-1,-1,0.19245009,2.542825427,TRUE
3078,"Animalia","Chordata","Mammalia","Mammalia","Artiodactyla","Bovidae","Oryx","Oryx_leucoryx","Arabian oryx",27,2,0.074074074,"-",7,1,0.037037037,0.142857143,1,0.037037037,0.857142857,"-",32,7,27,8,"-",26.10124918,18.08021039,7.98816568,4.503616042,4.503616042,-1,1.33,0.607200548,3850,-1,121350,-1,249.6,-1,0.19245009,19.46750727,TRUE
1710,"Animalia","Chordata","Amphibia","Amphibia","Anura","Microhylidae","Dyscophus","Dyscophus_antongilii","Tamato frog",54,4,0.074074074,"-",4,2,0.037037037,0.5,2,0.037037037,0.5,"-",54,4,54,20,"-",-1,-1,-1,-1,-1,-1,-1,-1,-1,-1,-1,-1,-1,-1,0.136082763,-1,TRUE
98,"Animalia","Chordata","Mammalia","Mammalia","Artiodactyla","Bovidae","Aepyceros","Aepyceros_melampus","Impala",25,2,0.08,"-",2,2,0.08,1,0,0,0,"-",25,2,25,3,"-",14.99013807,12.98487837,6.50887574,5.489809336,5.489809336,0.98,1.1,12,5550,15900,52500,0.0043,307.2,-1,0.2,19.64468657,TRUE
737,"Animalia","Chordata","Reptilia","Sauropsida","Squamata","Viperidae","Bothriechis","Bothriechis_schlegelii","Bothriechis schlegelii",25,2,0.08,"-",7,2,0.08,0.285714286,0,0,0.714285714,"-",30,7,25,13,"-",-1,-1,-1,-1,7.713650453,-1,-1,-1,-1,-1,-1,-1,234,-1,0.2,-1,TRUE
3470,"Animalia","Chordata","Mammalia","Mammalia","Hyracoidea","Procaviidae","Procavia","Procavia_capensis","Rock hyrax",148,12,0.081081081,"-",11,8,0.054054054,0.727272727,3,0.02027027,0.272727273,"-",148,12,148,13,"-",16.4365549,16.4365549,7.067718606,3.813280736,3.813280736,2.5,-1,12,205,500,3600,0.0112,177.6,780,0.082199494,17.05296027,TRUE
3472,"Animalia","Chordata","Mammalia","Mammalia","Carnivora","Procyonidae","Procyon","Procyon_lotor","Common raccoon",37,3,0.081081081,"-",3,2,0.054054054,0.666666667,1,0.027027027,0.333333333,"-",37,3,37,10,"-",11.99868508,11.99868508,2.071005917,2.991452991,2.991452991,3.06,-1,12,80,1175,6000,0.0153,252,2096.43,0.164398987,18.1865545,TRUE
1657,"Animalia","Chordata","Mammalia","Mammalia","Diprotodontia","Macropodidae","Dendrolagus","Dendrolagus_goodfellowi","Goodfellows tree kangaroo",24,2,0.083333333,"-",2,1,0.041666667,0.5,1,0.041666667,0.5,"-",24,2,24,11,"-",29.48980934,-1,1.479289941,11.83431953,11.83431953,-1,1.03,1.122518823,-1,-1,7400,-1,283.2,-1,0.204124145,18.58179121,TRUE
825,"Animalia","Chordata","Amphibia","Amphibia","Anura","Bufonidae","Peltophryne","Peltophryne_lemur","Puerto rican crested toad",226,19,0.084070796,"-",17,8,0.03539823,0.470588235,9,0.039823009,0.529411765,"-",226,19,226,16,"-",-1,-1,-1,-1,-1,-1,-1,-1,-1,-1,-1,-1,-1,-1,0.066519011,-1,TRUE
2871,"Animalia","Chordata","Reptilia","Sauropsida","Squamata","Pythonidae","Morelia","Morelia_viridis","Green tree python",47,4,0.085106383,"-",23,2,0.042553191,0.652173913,1,0.021276596,0.347826087,"-",67,24,47,21,"-",-1,-1,1.824457594,-1,8.148779453,16,-1,-1,9.4,-1,3113,-1,247.2,-1,0.145864991,17.85146992,TRUE
3204,"Animalia","Chordata","Aves","Sauropsida","Pelecaniformes","Pelecanidae","Pelecanus","Pelecanus_occidentalis","Brown pelican",23,2,0.086956522,"-",2,1,0.043478261,0.5,1,0.043478261,0.5,"-",23,2,23,7,"-",11.99868508,23.99737015,0.953320184,-1,54.75,2.6,-1,-1,63.5,-1,3115.8,0.112,516,-1,0.208514414,19.76946778,TRUE
4217,"Animalia","Chordata","Amphibia","Amphibia","Anura","Hylidae","Trachycephalus","Trachycephalus_resinifictrix","Mission-eyed tree frog",69,6,0.086956522,"-",5,4,0.057971014,0.8,1,0.014492754,0.2,"-",69,6,69,14,"-",-1,-1,-1,-1,-1,-1,-1,-1,-1,-1,-1,-1,-1,-1,0.120385853,-1,TRUE
2594,"Animalia","Chordata","Amphibia","Amphibia","Anura","Ranidae","Lithobates","Lithobates_pipiens","Northern leopard frog",22,2,0.090909091,"-",2,1,0.045454545,0.5,1,0.045454545,0.5,"-",22,2,22,8,"-",23.99737015,11.99868508,-1,-1,54.75,4146,-1,-1,-1,-1,29.0222,-1,-1,-1,0.213200716,1.462730331,TRUE
1971,"Animalia","Chordata","Mammalia","Mammalia","Artiodactyla","Bovidae","Gazella","Gazella_spekei","Speke's gazelle",22,2,0.090909091,"-",2,1,0.045454545,0.5,1,0.045454545,0.5,"-",22,2,22,6,"-",16.79815911,13.2547666,6.47600263,-1,45.7105,-1,1.46,6.74,1253.33,-1,20000,-1,152.04,-1,0.213200716,17.39277716,TRUE
680,"Animalia","Chordata","Reptilia","Sauropsida","Squamata","Viperidae","Bitis","Bitis_nasicornis","Rhinoceros viper",32,3,0.09375,"-",3,3,0.09375,1,0,0,0,"-",32,3,32,15,"-",-1,-1,-1,-1,3.71837509,-1,-1,-1,-1,-1,717,-1,112.8,-1,0.176776695,15.16937375,TRUE
2701,"Animalia","Chordata","Mammalia","Mammalia","Diprotodontia","Macropodidae","Osphranter","Osphranter_rufus","Red kangaroo",96,9,0.09375,"-",7,5,0.052083333,0.714285714,2,0.020833333,0.285714286,"-",96,9,96,18,"-",16.99539776,26.4957265,1.084812623,11.83431953,11.83431953,-1,1.36,7.92,0.784,5000,55000,0.0075,300,5568.64,0.102062073,19.60309022,TRUE
2601,"Animalia","Chordata","Mammalia","Mammalia","Artiodactyla","Bovidae","Litocranius","Litocranius_walleri","Southern gerenuk",53,5,0.094339623,"-",3,2,0.037735849,0.666666667,1,0.018867925,0.333333333,"-",53,5,53,11,"-",11.80144642,27.67324129,6.706114398,7.922419461,7.922419461,-1,1.35,7.92,-1,-1,43500,-1,207.6,-1,0.137360564,18.54185335,TRUE
3252,"Animalia","Chordata","Reptilia","Sauropsida","Squamata","Gekkonidae","Phelsuma","Phelsuma_grandis","Madagascar giant day gecko",21,2,0.095238095,"-",14,2,0.095238095,0.714285714,0,0,0.285714286,"-",33,14,21,14,"-",-1,-1,-1,-1,5.379776726,-1,-1,-1,-1,-1,20.7,-1,163.2,-1,0.21821789,14.59229127,TRUE
3879,"Animalia","Chordata","Reptilia","Sauropsida","Squamata","Viperidae","Sistrurus","Sistrurus_miliarius","Pigmy rattlesnake",21,2,0.095238095,"-",2,1,0.047619048,0.5,1,0.047619048,0.5,"-",21,2,21,11,"-",-1,-1,-1,-1,6.368706272,-1,-1,-1,-1,-1,196,-1,193.2,-1,0.21821789,16.0082988,TRUE
125,"Animalia","Chordata","Reptilia","Sauropsida","Squamata","Viperidae","Agkistrodon","Agkistrodon_contortrix","Copperhead",21,2,0.095238095,"-",2,1,0.047619048,0.5,1,0.047619048,0.5,"-",21,2,21,11,"-",23.99737015,23.99737015,3.533859303,-1,73,5.65,-1,-1,-1,-1,950,-1,357.6,-1,0.21821789,18.29810867,TRUE
3941,"Animalia","Chordata","Reptilia","Sauropsida","Squamata","Colubridae","Pantherophis","Spilotes_pullatus","Tiger rat snake",21,2,0.095238095,"-",2,2,0.095238095,1,0,0,0,"-",21,2,21,12,"-",-1,0.511176857,0.575279421,-1,15.55,-1,16,-1,-1,-1,-1,-1,210,-1,0.21821789,-1,TRUE
4461,"Animalia","Chordata","Reptilia","Sauropsida","Squamata","Varanidae","Varanus","Varanus_prasinus","Emerald monitor",41,4,0.097560976,"-",9,2,0.048780488,0.777777778,2,0.048780488,0.222222222,"-",46,9,41,13,"-",-1,-1,-1,-1,5.617119817,4.1,1.4,-1,8.6,-1,237.5,-1,170.4,-1,0.156173762,15.76448116,TRUE
1930,"Animalia","Chordata","Reptilia","Sauropsida","Squamata","Chamaeleonidae","Furcifer","Furcifer_pardalis","Reunion chameleon",41,4,0.097560976,"-",4,4,0.097560976,1,0,0,0,"-",41,4,41,12,"-",-1,-1,-1,-1,2.056973454,24,-1,-1,-1,-1,-1,-1,62.4,-1,0.156173762,-1,TRUE
1386,"Animalia","Chordata","Aves","Sauropsida","Galliformes","Odontophoridae","Colinus","Colinus_virginianus","Northern bobwhite",30,3,0.1,"-",3,3,0.1,1,0,0,0,"-",30,3,30,8,"-",11.99868508,11.99868508,0.756081525,-1,36.5,15,1.5,-1,-1,-1,194,-1,76.8,-1,0.182574186,13.59996905,TRUE
1097,"Animalia","Chordata","Mammalia","Mammalia","Primates","Cercopithecidae","Cercopithecus","Cercopithecus_mitis","Stuhlmans blue monkey",40,4,0.1,"-",4,4,0.1,1,0,0,0,"-",40,4,40,1,"-",54.99671269,54.99671269,4.339250493,10.35502959,10.35502959,-1,0.5,16.93,366.4,-1,9000,-1,453.6,3455.75,0.158113883,19.89428078,TRUE
2004,"Animalia","Chordata","Mammalia","Mammalia","Artiodactyla","Giraffidae","Giraffa","Giraffa_camelopardalis","Baringo giraffe",30,3,0.1,"-",8,2,0.066666667,0.875,1,0.033333333,0.125,"-",35,8,30,16,"-",42.01183432,54.0433925,15.02301118,4.996712689,4.996712689,1.29,0.5,20.38,58500,-1,8e+05,-1,474,-1,0.182574186,21.95776004,TRUE
1226,"Animalia","Chordata","Mammalia","Mammalia","Rodentia","Chinchillidae","Chinchilla","Chinchilla_lanigera","Chinchilla",40,4,0.1,"-",4,3,0.075,0.75,1,0.025,0.25,"-",40,4,40,24,"-",-1,-1,4.27,-1,7.911436362,1.45,1.5,-1,-1,-1,-1,-1,240,-1,0.158113883,-1,TRUE
4010,"Animalia","Chordata","Mammalia","Mammalia","Artiodactyla","Suidae","Sus","Sus_scrofa","Guinea forest hog",66,7,0.106060606,"-",6,4,0.060606061,0.666666667,2,0.03030303,0.333333333,"-",66,7,66,13,"-",10.97961867,25.24654832,3.780407627,1.840894149,1.840894149,4.52,1.5,7.56,960,5700,130000,0.0095,324,-1,0.123091491,20.17721341,TRUE
1706,"Animalia","Chordata","Aves","Sauropsida","Columbiformes","Columbidae","Ducula","Ducula_brenchleyi","Ducula brenchleyi",46,5,0.108695652,"-",3,2,0.043478261,0.666666667,1,0.02173913,0.333333333,"-",46,5,46,15,"-",-1,-1,-1,-1,1,-1,-1,-1,-1,-1,510,-1,-1,-1,0.147441956,2.707570176,TRUE
2780,"Animalia","Chordata","Aves","Sauropsida","Strigiformes","Strigidae","Megascops","Megascops_asio","Eastern screech-owl",36,4,0.111111111,"-",4,3,0.083333333,0.75,1,0.027777778,0.25,"-",36,4,36,23,"-",11.99868508,11.99868508,0.953320184,-1,36.5,4.25,-1,-1,11,-1,164.1,0.264,248.4,-1,0.166666667,16.58601813,TRUE
2610,"Animalia","Chordata","Amphibia","Amphibia","Anura","Hylidae","Nyctimystes","Nyctimystes_infrafrenatus","White-lipped tree frog",63,7,0.111111111,"-",7,7,0.111111111,1,0,0,0,"-",63,7,63,24,"-",-1,-1,-1,-1,-1,-1,-1,-1,-1,-1,-1,-1,-1,-1,0.125988158,-1,TRUE
3712,"Animalia","Chordata","Mammalia","Mammalia","Primates","Cebidae","Saimiri","Saimiri_sciureus","Common squirrel monkey",71,8,0.112676056,"-",8,1,0.014084507,0.125,7,0.098591549,0.875,"-",71,8,71,15,"-",32.97172913,60.02629849,5.292570677,5.818540434,5.818540434,1,1.07,12,107,403,925,0.0125,362.4,738.81,0.118678166,18.32127087,TRUE
2618,"Animalia","Chordata","Aves","Sauropsida","Passeriformes","Estrilididae","Lonchura","Padda_oryzivora","Java sparrow",35,4,0.114285714,"-",4,1,0.028571429,0.25,3,0.085714286,0.75,"-",35,4,35,5,"-",-1,-1,0.460223537,-1,1,4.95,2.5,-1,-1,-1,24.8,-1,-1,-1,0.169030851,1.394451681,TRUE
679,"Animalia","Chordata","Reptilia","Sauropsida","Squamata","Viperidae","Bitis","Bitis_gabonica","Gaboon viper",35,4,0.114285714,"-",4,3,0.085714286,0.75,1,0.028571429,0.25,"-",35,4,35,10,"-",-1,-1,-1,-1,7.120292726,156,-1,-1,-1,-1,2381,-1,216,-1,0.169030851,17.3834819,TRUE
3019,"Animalia","Chordata","Aves","Sauropsida","Psittaciformes","Cacatuidae","Nymphicus","Nymphicus_hollandicus","Cockatiel",70,8,0.114285714,"-",8,7,0.1,0.875,0,0,0.125,"-",71,9,70,14,"-",14.9800789,13.00854701,-1,-1,42.5707,4.5,-1,-1,-1,-1,90,-1,420,-1,0.119522861,17.69373825,TRUE
2570,"Animalia","Chordata","Aves","Sauropsida","Passeriformes","Sturnidae","Leucopsar","Leucopsar_rothschildi","Bali mynah",52,6,0.115384615,"-",6,5,0.096153846,0.833333333,1,0.019230769,0.166666667,"-",52,6,52,22,"-",-1,-1,0.427350427,-1,9.889295453,-1,-1,-1,-1,-1,95,-1,300,-1,0.138675049,16.84045113,TRUE
3640,"Animalia","Chordata","Mammalia","Mammalia","Artiodactyla","Cervidae","Rangifer","Rangifer_tarandus","Caribou",34,4,0.117647059,"-",6,2,0.058823529,0.333333333,2,0.058823529,0.666666667,"-",36,6,34,9,"-",21.76199869,22.35371466,7.495069034,3.944773176,3.944773176,1.1,1.1,12,6500,20000,101250,0.0047,261.6,-1,0.171498585,19.51122147,TRUE
1390,"Animalia","Chordata","Mammalia","Mammalia","Primates","Cercopithecidae","Colobus","Colobus_guereza","Colobus monkey",34,4,0.117647059,"-",4,2,0.058823529,0.5,2,0.058823529,0.5,"-",34,4,34,15,"-",48.02761341,72.05785667,5.752794214,12.39316239,12.39316239,-1,0.95,12,397.8,1600,9950,-1,420,3055,0.171498585,19.73731882,TRUE
2621,"Animalia","Chordata","Mammalia","Mammalia","Carnivora","Mustelidae","Lontra","Lontra_canadensis","North americal river otter",42,5,0.119047619,"-",8,3,0.071428571,1,0,0,0,"-",47,10,42,19,"-",23.99737015,23.99737015,2.038132807,4.010519395,4.010519395,2.5,0.9,12,140,1510,9000,-1,324,-1,0.15430335,19.01751257,TRUE
2886,"Animalia","Chordata","Mammalia","Mammalia","Carnivora","Mustelidae","Mustela","Mustela_nigripes","Black footed ferret",92,11,0.119565217,"-",70,7,0.076086957,0.728571429,4,0.043478261,0.271428571,"-",151,70,92,10,"-",11.99868508,11.99868508,1.413543721,1.96120973,1.96120973,3.36,1.1,12,7.4,-1,1021,-1,112.8,-1,0.104257207,15.32288034,TRUE
2159,"Animalia","Chordata","Reptilia","Sauropsida","Squamata","Helodermatidae","Heloderma","Heloderma_horridum","Mexican beaded lizard",33,4,0.121212121,"-",4,4,0.121212121,1,0,0,0,"-",33,4,33,15,"-",-1,-1,-1,-1,13.60767054,7.9,-1,-1,30,-1,1244.15,-1,412.8,-1,0.174077656,18.78931088,TRUE
3694,"Animalia","Chordata","Mammalia","Mammalia","Chiroptera","Pteropodidae","Rousettus","Rousettus_aegyptiacus","Egyptian fruit bat",57,7,0.122807018,"-",7,6,0.105263158,0.857142857,1,0.01754386,0.142857143,"-",57,7,57,17,"-",11.99868508,11.99868508,3.813280736,4.010519395,4.010519395,1.07,-1,-1,21.06,73.8,125,0.0149,274.8,122.64,0.132453236,16.73101038,TRUE
84,"Animalia","Chordata","Aves","Sauropsida","Galliformes","Numididae","Acryllium","Acryllium_vulturinum","Vulturine guineafowl",39,5,0.128205128,"-",5,4,0.102564103,0.8,1,0.025641026,0.2,"-",39,5,39,12,"-",-1,-1,-1,-1,1,10,-1,-1,-1,-1,1333.875,-1,-1,-1,0.160128154,3.125115133,TRUE
2835,"Animalia","Chordata","Mammalia","Mammalia","Rodentia","Muridae","Micromys","Micromys_minutus","Harvest mouse",23,3,0.130434783,"-",12,2,0.086956522,1,0,0,0,"-",33,13,23,4,"-",1.314924392,1.216305062,0.657462196,0.591715976,0.591715976,5.2,2.6,0.69,0.9,-1,7.18,-1,45.6,21.07,0.208514414,10.8099135,TRUE
2804,"Animalia","Chordata","Aves","Sauropsida","Galliformes","Phasianidae","Meleagris","Meleagris_gallopavo","Domestic lavender turkey",71,10,0.14084507,"-",10,8,0.112676056,0.8,2,0.028169014,0.2,"-",71,10,71,20,"-",9.993425378,11.99868508,0.920447074,-1,33.45,11,-1,-1,47,-1,6050,0.023,156,-1,0.118678166,16.94050296,TRUE
119,"Animalia","Chordata","Aves","Sauropsida","Psittaciformes","Psittacidae","Agapornis","Agapornis_fischeri","Fischer's lovebird",28,4,0.142857143,"-",4,2,0.071428571,0.5,2,0.071428571,0.5,"-",28,4,28,4,"-",-1,-1,-1,-1,4.984204908,5.5,-1,-1,-1,-1,48.3,-1,151.2,-1,0.188982237,14.76125788,TRUE
1787,"Animalia","Chordata","Mammalia","Mammalia","Perissodactyla","Equidae","Equus","Equus_grevyi","Grevys zebra",21,3,0.142857143,"-",3,2,0.095238095,0.666666667,1,0.047619048,0.333333333,"-",21,3,21,11,"-",42.01183432,48.02761341,13.34648258,8.514135437,8.514135437,-1,0.5,18.9,40000,-1,384000,-1,372,-1,0.21821789,21.00758886,TRUE
3665,"Animalia","Chordata","Aves","Sauropsida","Rheiformes","Rheidae","Rhea","Rhea_americana","Greater rhea",21,3,0.142857143,"-",8,2,0.095238095,0.875,1,0.047619048,0.125,"-",26,8,21,10,"-",14.00394477,14.00394477,1.183431953,-1,42.6,23.71433333,-1,-1,-1,-1,23000,-1,600,-1,0.21821789,21.03063534,TRUE
3147,"Animalia","Chordata","Mammalia","Mammalia","Primates","Cercopithecidae","Papio","Papio_hamadryas","Hamadryas baboon",20,3,0.15,"-",3,3,0.15,1,0,0,0,"-",20,3,20,4,"-",49.76988823,57.92241946,5.621301775,9.861932939,9.861932939,1.01,0.8,18.67,814,3950,18000,0.0026,450,-1,0.223606798,20.17454759,TRUE
141,"Animalia","Chordata","Aves","Sauropsida","Anseriformes","Anatidae","Aix","Aix_sponsa","Wood duck",33,5,0.151515152,"-",5,3,0.090909091,0.6,2,0.060606061,0.4,"-",33,5,33,14,"-",11.99868508,11.99868508,1.019066404,-1,36.5,12,1.5,-1,23.7,-1,452.8,-1,270,-1,0.174077656,17.244089,TRUE
63,"Animalia","Chordata","Mammalia","Mammalia","Carnivora","Felidae","Acinonyx","Acinonyx_jubatus","Cheetah",79,12,0.151898734,"-",19,3,0.037974684,0.526315789,9,0.113924051,0.473684211,"-",86,19,79,20,"-",14.99013807,14.99013807,2.892833662,3.517422748,3.517422748,3.28,0.7,17.65,489,1940,53500,-1,246,17115,0.11250879,19.07396442,TRUE
1526,"Animalia","Chordata","Reptilia","Sauropsida","Squamata","Viperidae","Crotalus","Crotalus_horridus","Timber rattlesnake",26,4,0.153846154,"-",4,3,0.115384615,0.75,1,0.038461538,0.25,"-",26,4,26,10,"-",83.99079553,59.99342538,4.437869822,4.969838922,4.969838922,8.5,-1,1825,-1,-1,700,-1,362.4,-1,0.196116135,18.20022717,TRUE
1025,"Animalia","Chordata","Mammalia","Mammalia","Rodentia","Caviidae","Cavia","Cavia_fulgida","Guinea pig",109,17,0.155963303,"-",17,12,0.110091743,0.705882353,5,0.04587156,0.294117647,"-",109,17,109,17,"-",-1,-1,-1,0.686390533,0.686390533,1.34,-1,-1,-1,-1,282.5,-1,-1,-1,0.095782629,2.451018452,TRUE
1639,"Animalia","Chordata","Mammalia","Mammalia","Rodentia","Dasyproctidae","Dasyprocta","Dasyprocta_punctata","Red-rumped agouti",32,5,0.15625,"-",5,4,0.125,0.8,1,0.03125,0.2,"-",32,5,32,15,"-",16.00920447,-1,3.681788297,4.602235371,4.602235371,1.25,1.87,4.17,227,-1,2150,-1,165.6,-1,0.176776695,16.64680045,TRUE
4007,"Animalia","Chordata","Mammalia","Mammalia","Carnivora","Herpestidae","Suricata","Suricata_suricatta","Slender tail meerkat",133,21,0.157894737,"-",46,16,0.120300752,0.673913043,5,0.037593985,0.326086957,"-",158,46,133,25,"-",11.99868508,11.99868508,2.531229454,1.446416831,1.446416831,3.86,-1,12,29,225.5,776,0.0161,247.2,290.12,0.086710997,17.24815252,TRUE
3020,"Animalia","Chordata","Mammalia","Mammalia","Rodentia","Octodontidae","Octodon","Octodon_degus","Degu",25,4,0.16,"-",31,4,0.16,0.806451613,0,0,0.193548387,"-",52,31,25,12,"-",5.982905983,5.982905983,2.958579882,1.183431953,1.183431953,5.31,1.8,-1,14,71.2,235,0.0323,168,177.25,0.2,15.72292355,TRUE
2926,"Animalia","Chordata","Mammalia","Mammalia","Artiodactyla","Bovidae","Nanger","Nanger_dama","Addra gazelle",50,8,0.16,"-",7,2,0.04,0.428571429,4,0.08,0.571428571,"-",51,9,50,10,"-",3.595003287,3.595003287,6.837606838,-1,10.936,-1,1.56,5.98,-1,-1,73000,-1,231.6,-1,0.141421356,19.05175419,TRUE
3013,"Animalia","Chordata","Aves","Sauropsida","Galliformes","Numididae","Numida","Numida_meleagris","Guinea fowl",54,9,0.166666667,"-",8,6,0.111111111,0.75,2,0.037037037,0.25,"-",54,9,54,10,"-",-1,-1,0.887573964,-1,1,8.75,-1,-1,24.5,-1,1299,-1,-1,-1,0.136082763,3.113609151,TRUE
1524,"Animalia","Chordata","Reptilia","Sauropsida","Squamata","Viperidae","Crotalus","Crotalus_durissus","Tropical rattlesnake",30,5,0.166666667,"-",5,4,0.133333333,0.8,1,0.033333333,0.2,"-",30,5,30,8,"-",35.99605523,35.99605523,3.944773176,-1,109.5,-1,0.4165,-1,14,-1,1150,-1,237.6,-1,0.182574186,17.31577646,TRUE
90,"Animalia","Chordata","Mammalia","Mammalia","Artiodactyla","Bovidae","Addax","Addax_nasomaculatus","Addax",30,5,0.166666667,"-",5,4,0.133333333,0.8,1,0.033333333,0.2,"-",30,5,30,9,"-",35.00986193,-1,9.270216963,6.50887574,6.50887574,-1,1.1,11.67,5600,-1,92500,-1,336,-1,0.182574186,20.1241774,TRUE
3135,"Animalia","Chordata","Mammalia","Mammalia","Carnivora","Felidae","Panthera","Panthera_leo","Masai lion",60,10,0.166666667,"-",13,8,0.133333333,1,0,0,0,"-",65,15,60,20,"-",35.99605523,35.99605523,3.583168968,7.100591716,7.100591716,2.75,0.66,21.33,1300,8480,175000,0.0035,324,27420.6,0.129099445,20.30630811,TRUE
1175,"Animalia","Chordata","Reptilia","Sauropsida","Squamata","Boidae","Lichanura","Lichanura_trivirgata","Rosy boa",24,4,0.166666667,"-",4,2,0.083333333,0.5,2,0.083333333,0.5,"-",24,4,24,13,"-",-1,-1,-1,-1,-1,-1,-1,-1,-1,-1,-1,-1,-1,-1,0.204124145,-1,TRUE
3402,"Animalia","Chordata","Reptilia","Sauropsida","Squamata","Agamidae","Pogona","Pogona_vitticeps","Bearded dragon",59,10,0.169491525,"-",9,6,0.101694915,0.666666667,3,0.050847458,0.333333333,"-",59,10,59,21,"-",17.99802761,-1,-1,-1,547.5,19,-1,-1,3.16,-1,500,-1,144,-1,0.130188911,15.64914496,TRUE
897,"Animalia","Chordata","Mammalia","Mammalia","Primates","Callitrichidae","Callithrix","Callithrix_jacchus","Common marmoset",47,8,0.170212766,"-",5,4,0.085106383,0.8,1,0.021276596,0.2,"-",47,8,47,5,"-",15.68047337,12.55752794,4.733727811,2.038132807,2.038132807,2.31,1.67,5.56,26.5,86.67,255.2,0.0172,273.6,152,0.145864991,17.02957723,TRUE
3725,"Animalia","Chordata","Reptilia","Sauropsida","Squamata","Boidae","Sanzinia","Sanzinia_madagascariensis","Madagscar tree boa",23,4,0.173913043,"-",4,3,0.130434783,0.75,1,0.043478261,0.25,"-",23,4,23,10,"-",-1,0.378040763,0.716633794,-1,11.5,-1,9.5,-1,-1,-1,-1,-1,261.6,-1,0.208514414,-1,TRUE
2160,"Animalia","Chordata","Reptilia","Sauropsida","Squamata","Helodermatidae","Heloderma","Heloderma_suspectum","Gila monster",63,11,0.174603175,"-",21,10,0.158730159,0.714285714,1,0.015873016,0.285714286,"-",73,21,63,17,"-",-1,-1,-1,-1,11.43202554,5.3,-1,-1,45.39,-1,553.41,-1,346.8,-1,0.125988158,17.98352154,TRUE
2521,"Animalia","Chordata","Mammalia","Mammalia","Primates","Callitrichidae","Leontopithecus","Leontopithecus_chrysomelas","Golden-headed tamarin",85,15,0.176470588,"-",15,9,0.105882353,0.6,6,0.070588235,0.4,"-",85,15,85,24,"-",21.50237278,23.99737015,4.352287968,4.30226167,4.30226167,2.04,1.75,0.508555784,55.07,165,535,-1,255.6,-1,0.108465229,17.17371888,TRUE
3238,"Animalia","Chordata","Mammalia","Mammalia","Artiodactyla","Suidae","Phacochoerus","Phacochoerus_africanus","Warthog",34,6,0.176470588,"-",5,3,0.088235294,0.6,2,0.058823529,0.4,"-",34,6,34,15,"-",19.00065746,19.00065746,5.391190007,2.761341223,2.761341223,-1,1.5,14,660,-1,1e+05,-1,250.8,-1,0.171498585,19.39596519,TRUE
3076,"Animalia","Chordata","Mammalia","Mammalia","Lagomorpha","Leporidae","Oryctolagus","Oryctolagus_cuniculus","Domestic rabbit",155,28,0.180645161,"-",28,22,0.141935484,0.785714286,6,0.038709677,0.214285714,"-",155,28,155,29,"-",23.99737015,6.101577909,0.986193294,0.854700855,0.854700855,5.24,4.3,0.95,45,214,1800,0.0228,216,-1,0.080321933,17.26199501,TRUE
2293,"Animalia","Chordata","Mammalia","Mammalia","Rodentia","Hydrochaeridae","Hydrochoerus","Hydrochoerus_hydrochaeris","Capybara",55,10,0.181818182,"-",14,8,0.145454545,0.714285714,2,0.036363636,0.285714286,"-",59,14,55,18,"-",14.99013807,14.99013807,4.930966469,3.385930309,3.385930309,4.8,1.25,8.05,1500,8299,55000,-1,181.2,6596.25,0.134839972,18.28931185,TRUE
72,"Animalia","Chordata","Reptilia","Sauropsida","Squamata","Boidae","Acrantophis","Acrantophis_dumerili","Dumerils boa",22,4,0.181818182,"-",4,2,0.090909091,0.5,2,0.090909091,0.5,"-",22,4,22,14,"-",-1,-1,-1,-1,10.28486727,-1,-1,-1,-1,-1,-1,-1,312,-1,0.213200716,-1,TRUE
1822,"Animalia","Chordata","Reptilia","Sauropsida","Squamata","Gekkonidae","Eublepharis","Eublepharis_macularius","Leopard gecko",38,7,0.184210526,"-",12,6,0.157894737,0.916666667,1,0.026315789,0.083333333,"-",43,12,38,22,"-",13.14924392,13.14924392,1.808021039,-1,40,-1,2.25,-1,1.87,-1,35.53,-1,342,-1,0.162221421,16.75475184,TRUE
4532,"Animalia","Chordata","Mammalia","Mammalia","Carnivora","Otariidae","Zalophus","Zalophus_californianus","California sealion",57,11,0.192982456,"-",11,8,0.140350877,0.727272727,3,0.052631579,0.272727273,"-",57,11,57,16,"-",35.99605523,60.02629849,8.514135437,10.35502959,10.35502959,1.2,0.5,24,7000,25000,180000,-1,428.4,-1,0.132453236,21.04636928,TRUE
357,"Animalia","Chordata","Reptilia","Sauropsida","Squamata","Dactyloidae","Anolis","Anolis_equestris","Knight anole",20,4,0.2,"-",8,3,0.15,1,0,0,0,"-",25,9,20,7,"-",-1,-1,-1,-1,6.526934999,-1,-1,-1,-1,-1,56,-1,198,-1,0.223606798,15.52817917,TRUE
226,"Animalia","Chordata","Amphibia","Amphibia","Caudata","Ambystomatidae","Ambystoma","Ambystoma_tigrinum","Tiger salamander",20,4,0.2,"-",4,2,0.1,0.5,2,0.1,0.5,"-",20,4,20,13,"-",47.9947403,47.9947403,0.920447074,-1,146,37,-1,-1,-1,-1,9.402,-1,300,-1,0.223606798,15.83594778,TRUE
686,"Animalia","Chordata","Reptilia","Sauropsida","Squamata","Boidae","Boa","Boa_constrictor","Boa constrictor",55,11,0.2,"-",17,7,0.127272727,0.764705882,4,0.072727273,0.235294118,"-",61,17,55,31,"-",35.99605523,35.99605523,4.109138725,-1,109.5,35,-1,-1,-1,-1,3532,-1,484.8,-1,0.134839972,19.66139636,TRUE
1828,"Animalia","Chordata","Mammalia","Mammalia","Artiodactyla","Bovidae","Eudorcas","Eudorcas_thomsonii","Thompsons gazelle",29,6,0.206896552,"-",6,4,0.137931034,0.666666667,2,0.068965517,0.333333333,"-",29,6,29,11,"-",11.99868508,13.75345168,5.588428665,3.353057199,3.353057199,-1,1.5,6.25,2600,-1,25000,-1,240,-1,0.185695338,18.67920746,TRUE
2807,"Animalia","Chordata","Aves","Sauropsida","Psittaciformes","Psittaculidae","Melopsittacus","Melopsittacus_undulatus","Budgerigar",477,99,0.20754717,"-",95,83,0.174004193,0.884210526,11,0.023060797,0.115789474,"-",478,100,477,13,"-",5.917159763,5.917159763,0.591715976,-1,18,-1,-1,-1,1.44,-1,30,0.231,252,-1,0.045786855,15.8855245,TRUE
1612,"Animalia","Chordata","Mammalia","Mammalia","Rodentia","Sciuridae","Cynomys","Cynomys_ludovicianus","Gunnison prairie dog",137,29,0.211678832,"-",39,23,0.167883212,0.871794872,5,0.03649635,0.128205128,"-",148,40,137,24,"-",23.99737015,23.99737015,0.986193294,2.071005917,2.071005917,4.43,-1,12,15.75,148.35,1125,0.0111,132,422.67,0.085435766,15.77459611,TRUE
301,"Animalia","Chordata","Aves","Sauropsida","Anseriformes","Anatidae","Anas","Anas_platyrhynchos","Aylesbury duck",33,7,0.212121212,"-",6,4,0.121212121,0.666666667,2,0.060606061,0.333333333,"-",33,7,33,16,"-",11.99868508,11.99868508,0.854700855,-1,36.5,10.515,-1,-1,32.8,-1,1048.1,0.12,349.2,-1,0.174077656,18.27884813,TRUE
3709,"Animalia","Chordata","Mammalia","Mammalia","Primates","Callitrichidae","Saguinus","Saguinus_oedipus","Tamarin monkey",60,13,0.216666667,"-",13,9,0.15,0.692307692,4,0.066666667,0.307692308,"-",60,13,60,22,"-",18.01446417,18.08021039,5.851413544,1.709401709,1.709401709,1.9,1.38,8.02,39.36,105,445.5,0.0102,314.4,-1,0.129099445,17.63374293,TRUE
2037,"Animalia","Chordata","Mammalia","Mammalia","Primates","Hominidae","Gorilla","Gorilla_gorilla","Gorilla",40,9,0.225,"-",9,6,0.15,0.666666667,3,0.075,0.333333333,"-",40,9,40,13,"-",92.99802761,131.9855358,8.415516108,27.41617357,27.41617357,1.05,0.3,45.92,2061.4,12595,139842,8e-04,721.2,-1,0.158113883,22.29397193,TRUE
12,"Animalia","Chordata","Mammalia","Mammalia","Carnivora","Felidae","Panthera","Panthera_tigris","White bengal tiger",71,17,0.23943662,"-",19,12,0.169014085,0.684210526,5,0.070422535,0.315789474,"-",73,19,71,27,"-",41.68310322,46.51545036,3.451676529,3.977646285,3.977646285,2.5,0.4,24.65,1190,11003,119700,-1,315.6,28497,0.118678166,20.07291612,TRUE
4180,"Animalia","Chordata","Reptilia","Sauropsida","Squamata","Scincidae","Tiliqua","Tiliqua_scincoides","Eastern blue tongued skink",25,6,0.24,"-",6,4,0.16,0.666666667,2,0.08,0.333333333,"-",25,6,25,14,"-",-1,-1,4,16.3182117,16.3182117,10,-1,-1,14,-1,493,-1,319.2,-1,0.2,17.71722422,TRUE
2722,"Animalia","Chordata","Mammalia","Mammalia","Primates","Cercopithecidae","Mandrillus","Mandrillus_sphinx","Mandrill",32,8,0.25,"-",8,5,0.15625,0.625,3,0.09375,0.375,"-",32,8,32,12,"-",38.98750822,69.76035503,5.687047995,11.63708087,11.63708087,1.02,0.8,17.49,613,3000,23000,-1,480,-1,0.176776695,20.44917526,TRUE
1946,"Animalia","Chordata","Aves","Sauropsida","Galliformes","Phasianidae","Gallus","Gallus_gallus","Domestic chicken",272,70,0.257352941,"-",99,62,0.227941176,0.828282828,7,0.025735294,0.171717172,"-",302,100,272,37,"-",-1,-1,-1,-1,11.86715454,-1,-1,-1,25,-1,779.8,0.037,360,-1,0.060633906,18.22979824,TRUE
4438,"Animalia","Chordata","Reptilia","Sauropsida","Squamata","Varanidae","Varanus","Varanus_beccarii","Varanus beccarii",31,8,0.258064516,"-",8,5,0.161290323,0.625,3,0.096774194,0.375,"-",31,8,31,7,"-",-1,-1,-1,-1,5.617119817,4.1,0.9,-1,9.2,-1,237.5,-1,170.4,-1,0.179605302,15.76448116,TRUE
3247,"Animalia","Chordata","Mammalia","Mammalia","Diprotodontia","Phascolarctidae","Phascolarctos","Phascolarctos_cinereus","Koala",84,22,0.261904762,"-",22,21,0.25,0.954545455,1,0.011904762,0.045454545,"-",84,22,84,5,"-",21.23602893,35.99605523,1.019066404,11.24260355,11.24260355,1.01,-1,15.48,0.36,1155,9300,0.0028,265.2,1034.1,0.109108945,18.50992407,TRUE
3100,"Animalia","Chordata","Mammalia","Mammalia","Artiodactyla","Bovidae","Ovis","Ovis_aries","Sheep",87,24,0.275862069,"-",24,16,0.183908046,0.666666667,8,0.091954023,0.333333333,"-",87,24,87,24,"-",18.01446417,30.04602235,4.79947403,5.982905983,5.982905983,1.58,1.1,12,2370,17500,80000,-1,273.6,-1,0.107211253,19.52578655,TRUE
2520,"Animalia","Chordata","Mammalia","Mammalia","Primates","Lemuridae","Lemur","Lemur_catta","Ring-tailed lemur",95,27,0.284210526,"-",32,22,0.231578947,0.6875,5,0.052631579,0.3125,"-",100,32,95,27,"-",19.55950033,29.98027613,4.437869822,4.996712689,4.996712689,1.1,0.9,12,70.6,-1,2555,-1,447.6,-1,0.102597835,19.31273137,TRUE
3340,"Animalia","Chordata","Aves","Sauropsida","Pelecaniformes","Threskiornithidae","Platalea","Platalea_ajaja","Ajaia ajaja",31,9,0.290322581,"-",9,0,0,0,9,0.290322581,1,"-",31,9,31,10,"-",35.99605523,35.99605523,0.756081525,-1,109.5,-1,-1,-1,50,-1,1036.97,-1,336,-1,0.179605302,18.17380186,TRUE
2462,"Animalia","Chordata","Mammalia","Mammalia","Artiodactyla","Camelidae","Lama","Lama_glama","Llama",34,10,0.294117647,"-",11,5,0.147058824,0.545454545,4,0.117647059,0.454545455,"-",36,12,34,16,"-",26.29848784,26.29848784,10.84812623,4.996712689,4.996712689,-1,0.685,1.499657769,11000,29000,140000,-1,346.8,-1,0.171498585,20.38660257,TRUE
11,"Animalia","Chordata","Mammalia","Mammalia","Carnivora","Felidae","Panthera","Panthera_pardus","Leopard",20,6,0.3,"-",6,2,0.1,0.5,3,0.15,0.5,"-",21,7,20,15,"-",30.80210388,25.34516765,3.18869165,3.616042078,3.616042078,2.14,1.25,14.6,550,1940,53750,0.0079,327.6,-1,0.223606798,19.82244183,TRUE
3593,"Animalia","Chordata","Mammalia","Mammalia","Carnivora","Felidae","Panthera","Puma_concolor","Mountain lion",23,7,0.304347826,"-",7,6,0.260869565,0.857142857,1,0.043478261,0.142857143,"-",23,7,23,12,"-",29.98027613,29.98027613,3.024326101,2.958579882,2.958579882,2.5,0.45,25.84,400,3500,63000,0.0061,285.6,13300.8,0.208514414,19.53388977,TRUE
4422,"Animalia","Chordata","Mammalia","Mammalia","Carnivora","Ursidae","Ursus","Ursus_maritimus","Polar bear",26,8,0.307692308,"-",8,5,0.192307692,0.625,3,0.115384615,0.375,"-",26,8,26,13,"-",57.00197239,57.00197239,2.136752137,9.960552268,9.960552268,1.66,0.4,24.65,665,27000,475000,0.0022,525.6,44346,0.196116135,22.00062575,TRUE
950,"Animalia","Chordata","Mammalia","Mammalia","Artiodactyla","Bovidae","Capra","Capra_hircus","Domestic goat",117,37,0.316239316,"-",46,16,0.136752137,0.47826087,20,0.170940171,0.52173913,"-",127,47,117,29,"-",13.34648258,22.51808021,5.095332018,5.259697567,5.259697567,1.5,1.1,14.83,2250,-1,61000,0.0041,249.6,-1,0.092450033,19.16879732,TRUE
4505,"Animalia","Chordata","Mammalia","Mammalia","Carnivora","Canidae","Vulpes","Vulpes_zerda","Fennec fox",22,7,0.318181818,"-",10,6,0.272727273,0.8,1,0.045454545,0.2,"-",25,10,22,11,"-",9.007232084,9.007232084,1.6765286,2.169625247,2.169625247,2.2,1.1,12,26.28,-1,1250,-1,195.6,467.97,0.213200716,16.84512312,TRUE
936,"Animalia","Chordata","Mammalia","Mammalia","Carnivora","Canidae","Canis","Canis_lupus","Gray wolf",36,12,0.333333333,"-",27,9,0.25,0.740740741,2,0.055555556,0.259259259,"-",52,28,36,18,"-",21.99211045,21.99211045,2.038132807,1.54503616,1.54503616,4.98,0.8,12,450,5250,26625,0.0177,247.2,11254.2,0.166666667,18.78358041,TRUE
2470,"Animalia","Chordata","Reptilia","Sauropsida","Squamata","Colubridae","Lampropeltis","Lampropeltis_getula","Lampropeltis getula",33,11,0.333333333,"-",21,11,0.333333333,0.904761905,0,0,0.095238095,"-",43,21,33,21,"-",35.99605523,35.99605523,2.005259698,-1,109.5,11,-1,-1,-1,-1,2041,-1,399.6,-1,0.174077656,18.91959588,TRUE
4471,"Animalia","Chordata","Mammalia","Mammalia","Primates","Lemuridae","Varecia","Varecia_variegata","Red/black ruffed lemur",48,16,0.333333333,"-",16,11,0.229166667,0.6875,5,0.104166667,0.3125,"-",48,16,48,21,"-",19.88823143,21.33464826,3.22156476,3.676859303,3.676859303,1.9,1.1,12,107.17,2893,3482.3,-1,472.8,-1,0.144337567,19.58993099,TRUE
3615,"Animalia","Chordata","Reptilia","Sauropsida","Squamata","Pythonidae","Python","Python_bivittatus","Indian rock python",24,8,0.333333333,"-",13,5,0.208333333,0.769230769,3,0.125,0.230769231,"-",29,13,24,16,"-",35.99605523,35.99605523,3.001972387,-1,109.5,27.5,-1,-1,111.2,-1,17100,-1,410.4,-1,0.204124145,19.91224022,TRUE
3140,"Animalia","Chordata","Reptilia","Sauropsida","Squamata","Colubridae","Pantherophis","Pantherophis_guttatus","Corn snake",67,23,0.343283582,"-",33,16,0.23880597,0.787878788,7,0.104477612,0.212121212,"-",77,33,67,27,"-",19.72386588,18.8678501,1.692965155,-1,58.698,12,-1,-1,-1,-1,900,-1,387.6,-1,0.122169444,18.48454512,TRUE
3645,"Animalia","Chordata","Mammalia","Mammalia","Rodentia","Muridae","Rattus","Rattus_norvegicus","Brown rat",354,122,0.344632768,"-",136,33,0.093220339,0.323529412,80,0.225988701,0.676470588,"-",377,145,354,27,"-",2.958579882,2.301117686,0.690335306,0.821827745,0.821827745,9.9,3.7,-1,5.81,63.8,300,-1,45.6,-1,0.0531494,12.43091031,TRUE
2670,"Animalia","Chordata","Mammalia","Mammalia","Carnivora","Canidae","Lycaon","Lycaon_pictus","Cape hunting dog",58,20,0.344827586,"-",18,13,0.224137931,0.722222222,5,0.086206897,0.277777778,"-",58,20,58,19,"-",21.00591716,21.00591716,2.366863905,2.991452991,2.991452991,8.1,1.11,11.9,318,-1,26500,-1,204,10259.65,0.131306433,18.28102688,TRUE
7,"Animalia","Chordata","Mammalia","Mammalia","Didelphimorphia","Didelphidae","Philander","Didelphis_marsupialis","Opossum",96,34,0.35416667,"",39,27,0.28125,0.79411765,7,0.07291667,0.2058,"",101,39,96,26,"",5.950032873,7.938856016,0.394477318,3.22156476,3.22156476,11.045,-1,5.29,0.1735,119.25,2265,-0.49355,64.8,665.205,0.156417972,14.1343735,TRUE
3335,"Animalia","Chordata","Reptilia","Sauropsida","Squamata","Colubridae","Pituophis","Pituophis_catenifer","Albino bull snake",25,9,0.36,"-",9,8,0.32,0.888888889,1,0.04,0.111111111,"-",25,9,25,11,"-",-1,-1,-1,-1,13.37032745,5.5,-1,-1,-1,-1,7275.5,-1,405.6,-1,0.2,19.51045052,TRUE
4374,"Animalia","Chordata","Mammalia","Mammalia","Carnivora","Felidae","Panthera","Panthera_uncia","Snow leopard",33,12,0.363636364,"-",12,10,0.303030303,0.833333333,2,0.060606061,0.166666667,"-",33,12,33,17,"-",23.99737015,23.99737015,3.15581854,2.531229454,2.531229454,2.12,1.1,12,475,7500,50000,-1,254.4,-1,0.174077656,19.13207265,TRUE
3127,"Animalia","Chordata","Mammalia","Mammalia","Primates","Hominidae","Pan","Pan_troglodytes","Chimpanzee",26,10,0.384615385,"-",11,2,0.076923077,0.181818182,7,0.269230769,0.818181818,"-",28,12,26,10,"-",110.9796187,95.9894806,7.527942143,36.52202498,36.52202498,1.05,0.2,27.61,1821,8500,44983.5,7e-04,712.8,9000,0.196116135,21.77085939,TRUE
2881,"Animalia","Chordata","Mammalia","Mammalia","Rodentia","Muridae","Mus","Mus_musculus","Common mouse",41,16,0.390243902,"-",36,11,0.268292683,0.666666667,5,0.12195122,0.333333333,"-",61,36,41,13,"-",1.380670611,1.380670611,0.624589086,0.723208416,0.723208416,5.54,5.4,0.99,1.25,8.9,20.5,0.0298,72,56.76,0.156173762,12.45574884,TRUE
2475,"Animalia","Chordata","Reptilia","Sauropsida","Squamata","Colubridae","Lampropeltis","Lampropeltis_triangulum","Milk snake",46,18,0.391304348,"-",28,16,0.347826087,0.75,2,0.043478261,0.25,"-",56,28,46,20,"-",-1,-1,-1,-1,8.939923089,-1,-1,-1,-1,-1,950,-1,271.2,-1,0.147441956,17.57746172,TRUE
3231,"Animalia","Chordata","Mammalia","Mammalia","Diprotodontia","Petauridae","Petaurus","Petaurus_breviceps","Pygmy sugar glider",30,12,0.4,"-",13,9,0.3,0.769230769,3,0.1,0.230769231,"-",31,13,30,18,"-",7.758053912,14.99013807,0.525969757,4.010519395,4.010519395,1.82,1.3,10.22,0.194,25,110,0.0188,213.6,91.08,0.182574186,16.01900018,TRUE
9,"Animalia","Chordata","Mammalia","Mammalia","Proboscidea","Elephantidae","Elephas","Elephas_maximus","Asian elephant",22,9,0.409090909,"-",17,1,0.045454545,0.647058824,1,0.045454545,0.352941176,"-",37,24,22,3,"-",108.0539119,108.0539119,21.17028271,18.01446417,18.01446417,1.41,0.2,37.51,107000,-1,3178000,-1,786,-1,0.213200716,23.87468917,TRUE
565,"Animalia","Chordata","Mammalia","Mammalia","Eulipotyphla","Erinaceidae","Atelerix","Atelerix_albiventris","Four-toed hedgehog",147,66,0.448979592,"-",69,52,0.353741497,0.782608696,12,0.081632653,0.217391304,"-",152,71,147,36,"-",2.761341223,3.828073636,1.150558843,1.446416831,1.446416831,3.98,-1,-1,10,-1,500,0.039,136.8,146.7,0.08247861,15.51548659,TRUE
3136,"Animalia","Chordata","Mammalia","Mammalia","Carnivora","Felidae","Panthera","Panthera_onca","Jaguar",22,10,0.454545455,"-",12,9,0.409090909,0.916666667,1,0.045454545,0.083333333,"-",24,12,22,14,"-",23.99737015,23.99737015,3.25443787,4.142011834,4.142011834,1.96,0.5,12,820,5033.5,81150,0.0072,336,15861,0.213200716,20.06732419,TRUE
2550,"Animalia","Chordata","Amphibia","Amphibia","Anura","Leptodactylidae","Leptodactylus","Leptodactylus_fallax","Dominican mountain chicken frog",24,11,0.458333333,"-",10,8,0.333333333,0.8,2,0.083333333,0.2,"-",24,11,24,5,"-",-1,-1,-1,-1,-1,-1,-1,-1,-1,-1,-1,-1,-1,-1,0.204124145,-1,TRUE
2888,"Animalia","Chordata","Mammalia","Mammalia","Carnivora","Mustelidae","Mustela","Mustela_putorius","Ferret",105,66,0.628571429,"-",79,43,0.40952381,0.683544304,22,0.20952381,0.316455696,"-",119,80,105,29,"-",10.25641026,10.58514135,1.380670611,2.071005917,2.071005917,7.5,1.5,4.6,9.5,-1,809,0.0328,133.2,847.8,0.097590007,15.65497387,TRUE
